-- !Ups

-- Add countries
INSERT INTO CountryDefinition (id, name) VALUES
  (643, 'Russian Federation'), (246, 'Finland'), (398, 'Kazakhstan'), (496, 'Mongolia'), (764, 'Thailand'), (826, 'United Kingdom'), (250, 'France'), (784, 'United Arab Emirates'),
  (702, 'Singapore'), (840, 'United States of America'), (458, 'Malaysia'), (392, 'Japan'), (792, 'Turkey'), (410, 'South Korea'), (682, 'Saudi Arabia'), (344, 'Hong Kong'),
  (484, 'Mexico'), (348, 'Hungary'), (032, 'Argentina'), (710, 'South Africa'), (158, 'Taiwan'), (036, 'Australia'), (554, 'New Zealand'), (208, 'Denmark'), (276, 'Germany'),
  (818, 'Egypt'), (380, 'Italy'), (203, 'Czech Republic'), (630, 'Puerto Rico'), (124, 'Canada'), (076, 'Brazil'), (156, 'China'), (524, 'Nepal');

-- Add sample user
INSERT INTO User(username, password, salt, admin) VALUES ('admin@travelea.co.nz', '51i2xJJXKnRNYfO3+UXOveorYfd8bTIDlqUcE8c50lM=', 'tujlegP8Dc8dQ19Ad6ekgVla3d7qbtb9iHiTJ2VRssQ=', true);
INSERT INTO User(username, password, salt) VALUES ('testUser@email.com', '51i2xJJXKnRNYfO3+UXOveorYfd8bTIDlqUcE8c50lM=', 'tujlegP8Dc8dQ19Ad6ekgVla3d7qbtb9iHiTJ2VRssQ=');
INSERT INTO User(username, password, salt) VALUES ('testUser2@email.com', '51i2xJJXKnRNYfO3+UXOveorYfd8bTIDlqUcE8c50lM=', 'tujlegP8Dc8dQ19Ad6ekgVla3d7qbtb9iHiTJ2VRssQ=');

-- Add sample data for TravellerTypeDefinitions
INSERT INTO TravellerTypeDefinition (description) VALUES ('Backpacker'), ('Luxury'), ('Functional/Business Traveller'), ('Groupies'), ('Thrillseeker'), ('Frequent Weekender'), ('Gap Year');

-- Add sample Profile
INSERT INTO Profile(user_id, first_name, middle_name, last_name, date_of_birth, gender, creation_date) VALUES
    (1, 'Moffat', 'the', 'Proffat', '1990-01-01', 'Male', '2001-01-01'),
    (2, 'Kermit', 'the', 'Frog', '1995-07-18', 'Female', '2002-01-02'),
    (3, 'William', 'the', 'Conqueror', '1969-012-24', 'Other', '2003-01-03');
INSERT INTO TravellerType (user_id, traveller_type_id) VALUES (1,1), (1,3), (2,2), (3,4);
INSERT INTO Passport (user_id, country_id) VALUES (1,246);
INSERT INTO Nationality (user_id, country_id) VALUES (1,246), (1,643), (2, 246), (3, 643);

-- Add sample data for destination
INSERT INTO Destination (user_id, name, type, district, latitude, longitude, country_id, is_public) VALUES
    (1, 'Bangkok', 'City', 'Central Thailand', 13.7, 100.5, 764, 1),
    (1, 'London', 'City', 'London Region', 51.3, 0.0, 826, 1),
    (1, 'Paris', 'City', 'Île-de-France', 48.8, 2.4, 250, 1),
    (1, 'Dubai', 'City', 'Dubai Region', 25.3, 55.3, 784, 1),
    (1, 'Singapore', 'City', 'Central Region', 1.3, 103.8, 702, 1),
    (1, 'New York City', 'City', 'New York', 40.6, -73.8, 840, 1),
    (1, 'Kuala Lumpur', 'City', 'Selangor', 3.1, 101.6, 458, 1),
    (1, 'Tokyo', 'City', 'Kanto', 35.6, 139.6, 392, 1),
    (1, 'Istanbul', 'City', 'Marmara', 41.0, 28.9, 792, 1),
    (1, 'Seoul', 'City', 'Seoul Capital Area', 37.5, 126.9, 410, 1),
    (1, 'Phuket', 'City', 'Phuket Province', 8.0, 98.3, 764, 1),
    (1, 'Mecca', 'City', 'Hejazi', 21.4, 39.8, 682, 1),
    (1, 'Hong Kong', 'City', 'Southern China', 22.5, 114.3, 344, 1),
    (1, 'San Antonia', 'City', 'Texas', 29.4, -98.5, 840, 1),
    (1, 'Pueblo', 'City', 'East Central Mexico', 19.0, -97.9, 484, 1),
    (1, 'Honolulu', 'City', 'Hawaii', 21.3, -157.8, 840, 1),
    (1, 'Budapest', 'City', 'Central Hungary', 47.5, 19.0, 348, 1),
    (1, 'Buenos Aires', 'City', 'Buenos Aires', -34.6, -58.4, 032, 1),
    (1, 'Cape Town', 'City', 'Western Cape', -33.9, 18.4, 710, 1),
    (1, 'Moscow', 'City', 'Central Russia', 55.8, 37.7, 643, 1),
    (1, 'Taipei', 'City', 'Northern Taiwan', 25.0, 121.5, 158, 1),

    (1, 'Sydney', 'City', 'New South Wales', -33.9, 151.1, 036, 1),
    (1, 'Gold Coast', 'City', 'Queensland', -28.0, 153.4, 036, 1),
    (2, 'Melbourne', 'City', 'Victoria', -37.8, 145.0, 036, 1),
    (1, 'Perth', 'City', 'Western Australia', -32.0, 115.9, 036, 1),
    (1, 'Brisbane', 'City', 'Queensland', -27.5, 153.0, 036, 1),
    (1, 'Adelaide', 'City', 'South Australia', -34.9, 138.6, 036, 1),

    (1, 'Auckland', 'City', 'Auckland', -36.9, 174.8, 554, 1),
    (1, 'Tauranga', 'City', 'Bay of Plenty', -37.8, 176.1, 554, 1),
    (1, 'Mount Maunganui', 'Mountain', 'Tauranga', -37.6, 176.2, 554, 1),
    (1, 'Rotorua', 'City', 'Bay of Plenty', -38.0, 176.2, 554, 1),
    (1, 'Wellington', 'City', 'Wellington', -41.3, 174.8, 554, 1),
    (1, 'Christchurch', 'City', 'Canterbury', -43.5, 172.7, 554, 1),
    (1, 'Dunedin', 'City', 'Otago', -45.9, 170.5, 554, 1),
    (1, 'Wanaka', 'Town', 'Otago', -44.8, 169.1, 554, 1),
    (1, 'Queenstown', 'Town', 'Otago', -45.0, 168.7, 554, 1),
    (1, 'Hamilton', 'City', 'Waikato', -37.8, 175.3, 554, 1),

    (1, 'Miami', 'City', 'Florida', 25.8, -80.1, 840, 1),
    (1, 'Copenhagen', 'City', 'Copenhagen Region', 55.7, 12.5, 208, 1),
    (1, 'Berlin', 'City', 'Brandenburg', 52.5, 13.4, 276, 1),
    (1, 'Cairo', 'City', 'Cairo Region', 30.0, 31.2, 818, 1),
    (1, 'Great Pyramid of Giza', 'Monument', 'Cairo Region', 30.0, 31.1, 818, 1),
    (1, 'Grand Canyon', 'Canyon', 'Arizona', 36.3, -112.6, 840, 1),
    (1, 'Venice', 'City', 'Veneto', 45.4, 12.3, 380, 1),
    (1, 'Rome', 'City', 'Lazio', 41.9, 12.5, 380, 1),
    (1, 'Prague', 'City', 'Prague Region', 50.0, 14.4, 203, 1),
    (1, 'San Juan', 'City', 'San Juan Region', 18.4, -66.0, 630, 1),
    (1, 'Dublin', 'City', 'Leinster', 53.4, -6.2, 826, 1),
    (1, 'Toronto', 'City', 'Ontario', 43.7, -79.4, 124, 1),
    (1, 'Rio de Janeiro', 'City', 'Rio de Janeiro', -25.9, -43.1, 076, 1),
    (1, 'Las Vegas', 'City', 'Nevada', 36.1, -115.1, 840, 1),

    (1, 'Eiffel Tower', 'Monument', 'Île-de-France', 48.8, 2.3, 250, 1),
    (1, 'Hollywood Sign', 'Landmark', 'Los Angeles', 34.1, -118.3, 840, 1),
    (1, 'Mount Fuji', 'Volcano', 'Honshu', 35.4, 138.7, 392, 1),
    (1, 'Big Ben', 'Tower', 'London', 51.1, -0.2, 826, 1),
    (1, 'Burj Khalifa', 'Skyscraper', 'Dubai', 25.1, 55.3, 784, 1),
    (1, 'Colosseum', 'Monument', 'Rome', 41.9, 12.5, 380, 1),
    (1, 'Times Square', 'Landmark', 'New York', 40.8, -74.0, 840, 1),
    (1, 'Buckingham Palace', 'Palace', 'London', 51.5014, -0.1419, 826, 1),
    (1, 'Leaning Tower of Pisa', 'Tower', 'Italy', 43.7230, 10.3966, 380, 1),
    (1, 'Forbidden City', 'Landmark', 'Beijing', 39.9169, 116.3907, 156, 1),
    (1, 'Sydney Opera House', 'Landmark', 'Sydney', -33.8568, 151.2153, 036, 1),
    (1, 'Mount Everest', 'Mountain', 'Himalayas', 27.9881, 86.9250, 524, 1),
    (1, 'Great Wall of China', 'Landmark', 'China', 40.4319, 116.5704, 156, 1);


-- Add traveller type to destination
INSERT INTO DestinationTravellerType(dest_id, traveller_type_definition_id) VALUES (10, 3);

-- Add sample data for trip
INSERT INTO Trip (user_id, is_public) VALUES (1, true);
INSERT INTO Trip (user_id, is_public) VALUES (1, true);

-- Add sample tripData for the sample trip
INSERT INTO TripData (trip_id, position, destination_id, arrival_time, departure_time) VALUES (1, 0, 1, NULL, NULL);
INSERT INTO TripData (trip_id, position, destination_id, arrival_time, departure_time) VALUES (1, 1, 2, NULL, NULL);
INSERT INTO TripData (trip_id, position, destination_id, arrival_time, departure_time) VALUES (1, 2, 3, NULL, NULL);

INSERT INTO TripData (trip_id, position, destination_id, arrival_time, departure_time) VALUES (2, 0, 4, NULL, NULL);
INSERT INTO TripData (trip_id, position, destination_id, arrival_time, departure_time) VALUES (2, 1, 5, NULL, NULL);
INSERT INTO TripData (trip_id, position, destination_id, arrival_time, departure_time) VALUES (2, 2, 6, NULL, NULL);

-- Add sample tags
INSERT INTO Tag (name) VALUES ('Russia'), ('sports'), ('#TravelEA');
INSERT INTO DestinationTag (tag_id, destination_id) VALUES (2, 1), (1, 1);
INSERT INTO TripTag (tag_id, trip_id) VALUES (3, 1);
INSERT INTO UsedTag (tag_id, user_id) VALUES (3, 1), (2, 1), (1, 1), (2, 2);


-- Detailed example data
INSERT IGNORE INTO CountryDefinition (id, name) VALUES
(4, 'Afghanistan'),
(32, 'Argentina'),
(36, 'Australia'),
(76, 'Brazil'),
(124, 'Canada'),
(156, 'China'),
(170, 'Colombia'),
(188, 'Costa Rica'),
(203, 'Czech Republic'),
(208, 'Denmark'),
(818, 'Egypt'),
(246, 'Finland'),
(250, 'France'),
(276, 'Germany'),
(300, 'Greece'),
(344, 'Hong Kong'),
(348, 'Hungary'),
(356, 'India'),
(372, 'Ireland'),
(380, 'Italy'),
(392, 'Japan'),
(398, 'Kazakhstan'),
(404, 'Kenya'),
(408, 'Korea (Democratic People''s Republic of)'),
(434, 'Libya'),
(458, 'Malaysia'),
(484, 'Mexico'),
(496, 'Mongolia'),
(524, 'Nepal'),
(554, 'New Zealand'),
(578, 'Norway'),
(591, 'Panama'),
(608, 'Philippines'),
(616, 'Poland'),
(630, 'Puerto Rico'),
(642, 'Romania'),
(643, 'Russian Federation'),
(682, 'Saudi Arabia'),
(702, 'Singapore'),
(710, 'South Africa'),
(410, 'South Korea'),
(724, 'Spain'),
(158, 'Taiwan'),
(764, 'Thailand'),
(792, 'Turkey'),
(804, 'Ukraine'),
(784, 'United Arab Emirates'),
(826, 'United Kingdom'),
(840, 'United States of America'),
(858, 'Uruguay'),
(704, 'Viet Nam');

INSERT INTO User (id, username, password, salt, admin, deleted, creation_date) VALUES
(4, 'williamwallace@email.com', 'rH8wCZdNsEB3CqlYLJ33sJop0tdmvdXcsVALfS3y7ko=', 'bXoxpeMvRnPXODHBsrLYk6SDIvfVL+8FrLQ+2hyZ0cU=', 0, 0, '2019-09-25 12:31:55'),
(5, 'maxandrew@gmail.com', 'otFBJmWBs2fsVbVsDxikZwUyj3/vTbU60WIhy9M3Wg8=', 'NW6gOZqG622LTlxMyCar45azEn54NzUGtR5EK6vz9Pg=', 0, 0, '2019-09-25 12:48:30'),
(6, 'ryanchen@hotmail.com', 'qL/LLscp61nEHUCvFsRUdh7y/Ralnd27FE6OFGRdj80=', 'oH/cJsdv/0pSV74I3mL8gglU0gLypZTnYisYxcMzSj8=', 0, 0, '2019-09-25 12:59:52'),
(7, 'claudiafield@email.com', 'V6VZhG5XYNEIrkYKjyWC4qwryuH9RvTy3sInvgICOLQ=', 'fTJIpNskivI8fppThze0HxjlMHgKcU6q1Ww5JWeqHqE=', 0, 0, '2019-09-25 13:13:15'),
(8, 'campbellmbutcher@gmail.com', 'VmVsdg3esEmyKQ40o2UpMOfJ2r8qon2ZnrLKDjI9nIQ=', 'UhbrEfRePfazFepvOu5pEvi4P6RkRu3U1I3t0gfIf5A=', 0, 0, '2019-09-25 13:22:26'),
(9, 'harrisoncook@yahoo.co.nz', '3URa8UqmpK7cW0f5RP3+iiyE/rUFzEWG9HICZV8NoRg=', 'HVE+Fn/6BGTr4ZrWu4aQMUDUwHHbKAMgLEVEcsorrSI=', 0, 0, '2019-09-25 13:27:46'),
(10, 'matthewminish@gmail.com', 'Hb8VuahiR+41BgQtARO7YKSY3j8aHhwRd4WmL26fcL4=', 'xSjgC7fTeFY3n8Qs5e2WmMXZ5LvrSIsrGmjxymSbW88=', 0, 0, '2019-09-25 13:34:41'),
(11, 'olliesharplin@email.com', 'gbCNmrwnXdR/Ze1vTvq2rX7yk/dcELQlHaxm8svexbY=', '+h2nYg7NihVM2TEA8e74W0x8u69havlBr3USOcLe3oY=', 0, 0, '2019-09-25 13:39:15'),
(12, 'jimmyjeong@gmail.com', '78VmrcD8Mp16WNHXoZEkT1zu7LIVsqEb2vaTYG5Ljkk=', 'K9rmi/e7kHBtFpiJH+9/43Y3FUtLAsg37YsUXY89HdM=', 0, 0, '2019-09-25 14:51:21'),
(13, 'vladimirkosh@email.com', 'ltAlreHL2q2zzJo1noa36wxQ51eP3akRSKWUl2WtJlQ=', 'cWtwMp/1iRWU5eEjJx2kC18aa1T1mT4IeRWGc8JN8VY=', 0, 0, '2019-09-25 14:54:57'),
(14, 'emmaferguson@gmail.com', '99R7AwjrHz/fsFmanGKeZpa2QBT+THf2DWlOhUfyE18=', 'FAxyalM8GIaYe8QOoa62SjcjBg2mPmPWRpKj2q3JbkU=', 0, 0, '2019-09-25 15:08:27'),
(15, 'belleanderson@fire.co.nz', '7KxXBCNjfzwoHPjxAURtYBBRVsu+16Xsjl052HYf01A=', '0tBjNsKhiWdOtf87FjcbMGW2ynO68SqWdsx8SEpppfE=', 0, 0, '2019-09-25 15:18:49'),
(16, 'oliknopp@yahoo.co.nz', 'NXPybprlxTznqI6PKE6TAoD4JRvnAr8e97VTUnQJx/0=', 'pe1tJSh5vJ7dsxOc5Q8WQ+gKQ75NjLdm5vgbukQk3es=', 0, 0, '2019-09-25 15:27:11'),
(17, 'rosey.the.posey@xtra.co.nz', '5nNDkZ1Crj7+EsMBZq5anCixyCVa6Dct4odQsnd3Ssg=', 'YsT72QhJ8DKnGiUz2FWcgCksrtqdsulW9GVX4i4S5sM=', 0, 0, '2019-09-25 15:35:34'),
(18, 'ameliaheart@email.com', 'jGbwi9tpLYIYf//Nv/e2ct12nFnqcxe3c6zDDEe3Iqo=', 'fRdFHcgtUwyV7hNcjF0CdYa6eXJ7/DpjMupjjCaAO1E=', 0, 0, '2019-09-25 15:41:27'),
(19, 'genghiskhan@thehorde.mongolia', '6xcs8bXoYPyDgqEOW5MDd/usvCGNT34NuwEb7+GsrDQ=', 'OOpTUCxHVCYN01elXlpojL+z0dJpBVST46ji+fPwcwY=', 0, 0, '2019-09-25 15:50:27'),
(20, 'vincentdiesel@yahoo.com', 'PC8vFOCWvcQf5mMNFivRScW229nrTiHkUeNnFN6ic3Q=', 'nZo5bARyu0eKwraFq9w54b3FdW8w5JtBVjaEYX3WEeA=', 0, 0, '2019-09-25 15:55:30'),
(21, 'dora@explorers.net', '4IU7RKhCMv56Iz2mnuUmDOCQ4xaGvk4fCAb3FMraGOk=', '6ATouuxy1ddngjPf+WVwCAoHf67qGtwM8P34QuonsM8=', 0, 0, '2019-09-25 16:04:17'),
(22, 'johndear@email.com', 'bVrB5zAViy+gZY/wRGmsdTgn1cv6nu4Zi36UYcLFSYU=', 'gV3VMKscrU2gu5E8ThaJsnMAzVsv0ycm8bLgRLM3rQk=', 0, 0, '2019-09-25 16:08:20'),
(23, 'jackryan@shadowrecruits.wordpress.com', 'WXEemcDWGUg3/gCxLfruEKUdQn54HRhxpLl+ajmdQtA=', 'W+TlIy4tOsoXStIr7BWjuLORl6gFiIimxccVghtBgeg=', 0, 0, '2019-09-25 16:10:25');

INSERT INTO Profile (user_id, first_name, middle_name, last_name, date_of_birth, gender, creation_date, profile_photo_guid, cover_photo_guid, deleted) VALUES
(4, 'William', '', 'Wallace', '1997-12-23', 'Male', NULL, NULL, NULL, 0),
(5, 'Max', '', 'Andrew', '1999-05-05', 'Male', NULL, NULL, NULL, 0),
(6, 'Ryan', '', 'Chen', '1998-03-01', 'Male', NULL, NULL, NULL, 0),
(7, 'Claudia', '', 'Field', '1998-06-05', 'Female', NULL, NULL, NULL, 0),
(8, 'Campbell', '', 'Mercer-Butcher', '1998-10-07', 'Male', NULL, NULL, NULL, 0),
(9, 'Harrison', '', 'Cook', '1998-07-01', 'Male', NULL, NULL, NULL, 0),
(10, 'Matthew', '', 'Minish', '1997-04-25', 'Male', NULL, NULL, NULL, 0),
(11, 'Ollie', '', 'Sharplin', '1998-12-18', 'Male', NULL, NULL, NULL, 0),
(12, 'Jimmy', '"The Man"', 'Jeong', '1997-12-10', 'Other', NULL, NULL, NULL, 0),
(13, 'Vladimir', '', 'Kosh', '1991-09-05', 'Male', NULL, NULL, NULL, 0),
(14, 'Emma', '', 'Ferguson', '1995-02-13', 'Female', NULL, NULL, NULL, 0),
(15, 'Belle', '', 'Anderson', '2001-04-16', 'Female', NULL, NULL, NULL, 0),
(16, 'Oli', '', 'Knopp', '1996-03-13', 'Male', NULL, NULL, NULL, 0),
(17, 'Rosaline', '', 'Summers', '1965-10-04', 'Female', NULL, NULL, NULL, 0),
(18, 'Amelia', '', 'Heart', '1989-08-26', 'Female', NULL, NULL, NULL, 0),
(19, 'Genghis', '"Chinghis"', 'Khan', '2013-10-19', 'Male', NULL, NULL, NULL, 0),
(20, 'Vincent', '', 'Diesel', '1982-11-05', 'Male', NULL, NULL, NULL, 0),
(21, 'Dora', 'The', 'Explorer', '1999-06-17', 'Female', NULL, NULL, NULL, 0),
(22, 'John', '', 'Dear', '1975-11-24', 'Male', NULL, NULL, NULL, 0),
(23, 'Jack', '', 'Ryan', '1982-01-22', 'Other', NULL, NULL, NULL, 0);


INSERT INTO Destination (id, user_id, name, type, district, latitude, longitude, country_id, is_public, deleted, primary_photo_guid) VALUES
(65, 1, 'Barcelona', 'City', 'Spain', 41.434858975347744, 1.9817762790345341, 724, 1, 0, NULL),
(66, 1, 'Madrid', 'City', 'Spain', 40.40762773436398, -3.7169080094811306, 724, 1, 0, NULL),
(67, 4, 'Camp Nou', 'Stadium', 'Barcelona', 41.382022073192, 2.123699015441389, 4, 1, 0, NULL),
(68, 5, 'Mumbai', 'City', 'West India', 19.08717376176197, 72.91088490610548, 356, 1, 0, NULL),
(69, 5, 'Taj Mahal', 'Monument', 'India', 21, 78, 4, 1, 0, NULL),
(70, 6, 'Table Mountain', 'Mountain', 'Cape Town', -33.96016249731852, 18.40106964111328, 710, 1, 0, NULL),
(71, 4, 'New Delhi', 'City', 'North India', 28.523638120890865, 77.26730827319261, 356, 1, 0, NULL),
(72, 7, 'Manila', 'City', 'Manila', 14.58202788158964, 120.98786831224959, 608, 1, 0, NULL),
(73, 7, 'Cebu', 'City', 'Cebu', 10.317032141531492, 123.8776287731099, 608, 1, 0, NULL),
(74, 7, 'Siargao Island', 'Island', 'Siargao', 9.84331303303718, 126.047302705128, 608, 1, 0, NULL),
(75, 9, 'Miami Beach', 'Beach', 'Miami', 25.829009515524376, -80.12093105198028, 840, 1, 0, NULL),
(76, 1, 'Athens', 'City', 'South Greece', 37.97418134892621, 23.715558681537345, 300, 1, 0, NULL),
(77, 11, 'Pyongyang', 'City', 'North Korea', 39.07236089431427, 125.77974523219882, 408, 1, 0, NULL),
(78, 11, 'Nairobi', 'City', 'Central Kenya', -1.239755720327607, 36.7345517821268, 404, 1, 0, NULL),
(79, 11, 'Sahara Desert', 'Desert', 'North Africa', 24.98098457315483, 11.85337769466912, 434, 1, 0, NULL),
(80, 1, 'Warsaw', 'City', 'Warszawa', 52.23043533365932, 21.00893612306527, 616, 1, 0, NULL),
(81, 12, 'Katowice', 'City', 'South-west Poland', 50.263294635576734, 19.038251269354873, 616, 1, 0, NULL),
(82, 13, 'Bucharest', 'City', 'South Romania', 44.423073794575124, 26.086703494583844, 642, 1, 0, NULL),
(83, 13, 'Warsaw', 'City', 'Central Poland', 52.22717476009267, 21.02249401565382, 616, 1, 0, NULL),
(84, 13, 'Oslo', 'City', 'Southern Norway', 59.91310754160384, 10.751023356330052, 578, 1, 0, NULL),
(85, 1, 'Glasgow', 'City', 'Scotland', 55.850342333245074, -4.261319674955075, 826, 1, 0, NULL),
(86, 12, 'Googleplex', 'Business', 'Mountain View', 37.4219999, -122.0862462, 840, 1, 0, NULL),
(87, 1, 'São Paulo', 'City', 'State of São Paulo', -23.6821604, -46.8754825, 76, 1, 0, NULL),
(88, 1, 'Camp Nou', 'Stadium', 'Barcelona', 41.3805579, 2.1222404, 724, 1, 0, NULL),
(89, 1, 'Westpac Stadium', 'Stadium', 'Wellington', -41.2729218, 174.7837267, 554, 1, 0, NULL),
(90, 14, 'Medellin', 'City', 'Central Colombia', 6.028788991212002, -75.53883990764768, 170, 1, 0, NULL),
(91, 1, 'Allianz Arena', 'Stadium', 'München', 48.2187997, 11.622518517, 276, 1, 0, NULL),
(92, 14, 'Montevideo', 'City', 'South Uruguay', -34.95076430752998, -56.117222646898995, 858, 1, 0, NULL),
(93, 15, 'My House', 'House', 'Christchurch', -43.51167538470042, 172.62067178343375, 554, 1, 0, NULL),
(94, 14, 'Vancouver', 'City', 'British Columbia', 49.23172906619193, -123.04031118897467, 124, 1, 0, NULL),
(95, 15, 'Tsuta', 'Restaurant', 'Tokyo', 35.7329062, 139.7404858, 392, 1, 0, NULL),
(96, 16, 'Shanghai', 'City', 'East China', 31.224654832693485, 121.4765067308931, 156, 1, 0, NULL),
(97, 16, 'Beijing', 'City', 'North China', 39.888449875392475, 116.41088941227565, 156, 1, 0, NULL),
(98, 17, 'The Kremlin', 'Monument', 'Moscow', 55.7520233, 37.6153107, 643, 1, 0, NULL),
(99, 19, 'Khentii Mountains', 'Mountains', 'Хэнтэй', 48.7799991, 109.1612452, 496, 1, 0, NULL),
(100, 18, 'Hanoi', 'City', 'North Vietnam', 21.038844066084874, 105.81210003781632, 704, 1, 0, NULL),
(101, 19, 'Delüün', 'Burial Site', 'Рашаант', 47.86811279, 90.6899071, 496, 1, 0, NULL),
(102, 19, 'Ulaanbaatar', 'City', 'Улаанбаатар', 47.8916288, 106.8318321, 496, 1, 0, NULL),
(103, 19, 'Onon', 'River', 'Онон', 48.622296, 110.6128406, 496, 1, 0, NULL),
(104, 20, 'Los Angeles', 'City', 'California', 34.025136133365386, -118.23911892820786, 840, 1, 0, NULL),
(105, 19, 'Yinchuan', 'City', 'Ningxia', 38.4554732, 106.1052637, 156, 1, 0, NULL),
(106, 22, 'San Jose', 'City', 'Central Costa Rica', 9.918722085723827, -84.07732873851285, 188, 1, 0, NULL),
(107, 22, 'Panama City', 'City', 'Central Panama', 8.98255327967361, -79.52844347466907, 591, 1, 0, NULL);

INSERT INTO DestinationTravellerType (guid, dest_id, traveller_type_definition_id) VALUES
(5, 80, 1),
(7, 80, 4),
(6, 80, 7),
(21, 81, 1),
(22, 81, 2),
(25, 81, 4),
(23, 81, 6),
(24, 81, 7),
(12, 82, 1),
(13, 82, 3),
(26, 83, 1),
(27, 86, 3),
(29, 90, 1),
(30, 90, 4),
(32, 92, 1),
(33, 92, 3),
(34, 93, 7),
(38, 96, 3),
(37, 97, 2),
(36, 97, 3),
(45, 99, 5),
(40, 100, 1),
(41, 100, 4),
(44, 101, 5),
(43, 102, 5),
(42, 103, 5),
(48, 104, 3),
(47, 104, 5),
(50, 106, 1),
(51, 106, 2),
(52, 107, 1);

INSERT INTO DestinationTravellerTypePending (guid, dest_id, traveller_type_definition_id) VALUES
(9, 4, 2),
(3, 27, 1),
(2, 27, 3),
(5, 28, 2),
(6, 28, 3),
(7, 33, 1),
(8, 36, 5),
(10, 56, 2);

INSERT INTO FollowerDestination (guid, destination_id, follower_id, follow_time, deleted) VALUES
(1, 65, 4, '2019-09-25 12:51:11', 0),
(2, 28, 4, '2019-09-25 12:51:18', 0),
(3, 68, 5, '2019-09-25 12:56:31', 0),
(4, 69, 5, '2019-09-25 12:56:34', 0),
(5, 48, 5, '2019-09-25 12:56:44', 0),
(6, 45, 5, '2019-09-25 12:56:54', 0),
(7, 70, 4, '2019-09-25 13:11:58', 0),
(8, 70, 6, '2019-09-25 13:12:13', 0),
(9, 28, 6, '2019-09-25 13:12:31', 0),
(10, 28, 7, '2019-09-25 13:14:47', 0),
(11, 70, 7, '2019-09-25 13:15:12', 0),
(12, 74, 7, '2019-09-25 13:21:17', 0),
(13, 73, 7, '2019-09-25 13:21:25', 0),
(14, 72, 7, '2019-09-25 13:21:29', 0),
(15, 28, 8, '2019-09-25 13:24:12', 0),
(16, 1, 8, '2019-09-25 13:24:24', 0),
(17, 69, 8, '2019-09-25 13:26:01', 0),
(18, 18, 8, '2019-09-25 13:26:37', 0),
(19, 1, 6, '2019-09-25 13:26:44', 0),
(20, 18, 6, '2019-09-25 13:26:50', 0),
(21, 69, 9, '2019-09-25 13:29:41', 0),
(22, 1, 9, '2019-09-25 13:29:48', 0),
(23, 75, 9, '2019-09-25 13:31:48', 0),
(24, 38, 9, '2019-09-25 13:32:00', 0),
(25, 76, 9, '2019-09-25 13:34:02', 0),
(26, 1, 10, '2019-09-25 13:36:05', 0),
(27, 5, 10, '2019-09-25 13:36:18', 0),
(28, 29, 10, '2019-09-25 13:38:18', 0),
(29, 36, 10, '2019-09-25 13:38:30', 0),
(30, 6, 10, '2019-09-25 13:38:44', 0),
(31, 38, 10, '2019-09-25 13:38:50', 0),
(32, 77, 11, '2019-09-25 13:42:00', 0),
(33, 27, 12, '2019-09-25 14:52:58', 0),
(34, 28, 12, '2019-09-25 14:53:32', 0),
(35, 33, 12, '2019-09-25 14:53:50', 0),
(36, 36, 12, '2019-09-25 14:54:08', 0),
(37, 9, 12, '2019-09-25 14:54:45', 0),
(38, 76, 12, '2019-09-25 14:54:47', 0),
(39, 79, 12, '2019-09-25 14:55:04', 0),
(40, 42, 12, '2019-09-25 14:55:06', 0),
(41, 41, 12, '2019-09-25 14:55:07', 0),
(42, 12, 12, '2019-09-25 14:55:26', 0),
(43, 4, 12, '2019-09-25 14:55:37', 0),
(44, 56, 12, '2019-09-25 14:55:41', 0),
(45, 80, 12, '2019-09-25 14:57:07', 0),
(46, 1, 13, '2019-09-25 14:57:21', 0),
(47, 27, 13, '2019-09-25 14:57:26', 0),
(48, 65, 13, '2019-09-25 14:57:30', 0),
(49, 40, 13, '2019-09-25 14:57:52', 0),
(50, 13, 13, '2019-09-25 14:57:58', 0),
(51, 52, 13, '2019-09-25 14:58:04', 0),
(52, 42, 13, '2019-09-25 14:58:13', 0),
(53, 81, 12, '2019-09-25 14:59:09', 0),
(54, 82, 13, '2019-09-25 14:59:25', 1),
(55, 82, 13, '2019-09-25 14:59:25', 0),
(56, 83, 13, '2019-09-25 15:00:13', 0),
(57, 83, 12, '2019-09-25 15:05:50', 0),
(58, 86, 12, '2019-09-25 15:07:45', 0),
(59, 69, 14, '2019-09-25 15:10:14', 0),
(60, 26, 14, '2019-09-25 15:10:24', 0),
(61, 4, 14, '2019-09-25 15:10:29', 0),
(62, 41, 14, '2019-09-25 15:10:37', 0),
(63, 2, 14, '2019-09-25 15:10:41', 0),
(64, 8, 14, '2019-09-25 15:10:48', 0),
(65, 52, 14, '2019-09-25 15:10:56', 0),
(66, 92, 14, '2019-09-25 15:17:20', 0),
(67, 91, 12, '2019-09-25 15:18:27', 0),
(68, 4, 15, '2019-09-25 15:19:34', 0),
(69, 79, 15, '2019-09-25 15:20:52', 0),
(70, 18, 14, '2019-09-25 15:22:00', 0),
(71, 87, 14, '2019-09-25 15:22:15', 0),
(72, 27, 14, '2019-09-25 15:23:09', 0),
(73, 42, 14, '2019-09-25 15:23:14', 0),
(74, 93, 15, '2019-09-25 15:23:59', 0),
(75, 94, 14, '2019-09-25 15:25:53', 0),
(76, 75, 16, '2019-09-25 15:30:43', 0),
(77, 1, 16, '2019-09-25 15:31:11', 0),
(78, 27, 16, '2019-09-25 15:34:16', 0),
(79, 64, 16, '2019-09-25 15:34:28', 0),
(80, 4, 17, '2019-09-25 15:36:28', 0),
(81, 1, 17, '2019-09-25 15:36:32', 0),
(82, 28, 17, '2019-09-25 15:36:37', 0),
(83, 97, 16, '2019-09-25 15:37:53', 0),
(84, 96, 16, '2019-09-25 15:38:15', 0),
(85, 5, 17, '2019-09-25 15:38:47', 0),
(86, 50, 17, '2019-09-25 15:38:58', 0),
(87, 90, 17, '2019-09-25 15:39:05', 0),
(88, 75, 17, '2019-09-25 15:40:06', 0),
(89, 79, 17, '2019-09-25 15:40:10', 0),
(90, 69, 17, '2019-09-25 15:40:15', 0),
(91, 91, 17, '2019-09-25 15:40:20', 0),
(92, 33, 16, '2019-09-25 15:40:32', 0),
(93, 73, 16, '2019-09-25 15:40:43', 0),
(94, 45, 16, '2019-09-25 15:40:50', 0),
(95, 4, 18, '2019-09-25 15:44:04', 0),
(96, 1, 18, '2019-09-25 15:44:09', 0),
(97, 5, 18, '2019-09-25 15:44:15', 0),
(98, 7, 18, '2019-09-25 15:44:18', 0),
(99, 6, 18, '2019-09-25 15:44:21', 0),
(100, 65, 17, '2019-09-25 15:44:28', 0),
(101, 9, 18, '2019-09-25 15:44:32', 0),
(102, 75, 18, '2019-09-25 15:44:39', 0),
(103, 3, 18, '2019-09-25 15:44:48', 0),
(104, 68, 18, '2019-09-25 15:45:01', 0),
(105, 100, 18, '2019-09-25 15:52:42', 0),
(106, 103, 19, '2019-09-25 15:56:31', 0),
(107, 102, 19, '2019-09-25 15:56:42', 0),
(108, 101, 19, '2019-09-25 15:56:51', 0),
(109, 99, 19, '2019-09-25 15:57:01', 0),
(110, 1, 20, '2019-09-25 15:58:07', 0),
(111, 4, 20, '2019-09-25 15:58:13', 0),
(112, 6, 20, '2019-09-25 15:58:16', 0),
(113, 5, 20, '2019-09-25 15:58:22', 0),
(114, 97, 20, '2019-09-25 15:58:32', 0),
(115, 19, 20, '2019-09-25 15:58:41', 0),
(116, 52, 20, '2019-09-25 15:58:54', 0),
(117, 23, 20, '2019-09-25 15:59:01', 0),
(118, 13, 20, '2019-09-25 15:59:11', 0),
(119, 53, 20, '2019-09-25 15:59:46', 0),
(120, 27, 21, '2019-09-25 16:07:45', 0),
(121, 14, 21, '2019-09-25 16:07:52', 0),
(122, 16, 21, '2019-09-25 16:07:55', 0),
(123, 18, 21, '2019-09-25 16:07:57', 0),
(124, 20, 21, '2019-09-25 16:08:01', 0),
(125, 22, 21, '2019-09-25 16:08:04', 0),
(126, 24, 21, '2019-09-25 16:08:07', 0),
(127, 26, 21, '2019-09-25 16:08:12', 0),
(128, 29, 21, '2019-09-25 16:08:18', 1),
(129, 29, 21, '2019-09-25 16:08:22', 0),
(130, 34, 21, '2019-09-25 16:08:25', 0),
(131, 36, 21, '2019-09-25 16:08:27', 0),
(132, 37, 21, '2019-09-25 16:08:30', 0),
(133, 52, 21, '2019-09-25 16:08:33', 0),
(134, 55, 21, '2019-09-25 16:08:36', 0),
(135, 59, 21, '2019-09-25 16:08:39', 0),
(136, 80, 21, '2019-09-25 16:08:44', 0),
(137, 91, 21, '2019-09-25 16:08:48', 0),
(138, 92, 21, '2019-09-25 16:08:51', 0),
(139, 95, 21, '2019-09-25 16:08:54', 0),
(140, 101, 21, '2019-09-25 16:08:58', 0),
(141, 105, 21, '2019-09-25 16:09:01', 0),
(142, 7, 23, '2019-09-25 16:12:27', 0),
(143, 6, 23, '2019-09-25 16:12:31', 0),
(144, 4, 23, '2019-09-25 16:12:33', 0),
(145, 9, 23, '2019-09-25 16:12:36', 0),
(146, 5, 23, '2019-09-25 16:12:39', 0),
(147, 69, 23, '2019-09-25 16:12:42', 0),
(148, 6, 22, '2019-09-25 16:14:24', 0),
(149, 4, 22, '2019-09-25 16:14:27', 0),
(150, 5, 22, '2019-09-25 16:14:32', 0),
(151, 51, 22, '2019-09-25 16:14:49', 0),
(152, 2, 22, '2019-09-25 16:14:56', 0),
(153, 104, 22, '2019-09-25 16:15:04', 0),
(154, 38, 22, '2019-09-25 16:15:16', 0),
(155, 3, 22, '2019-09-25 16:15:30', 0),
(156, 58, 22, '2019-09-25 16:15:46', 0),
(157, 36, 22, '2019-09-25 16:15:55', 0),
(158, 45, 22, '2019-09-25 16:16:04', 0),
(159, 68, 22, '2019-09-25 16:16:14', 0),
(160, 96, 22, '2019-09-25 16:16:23', 0),
(161, 1, 22, '2019-09-25 16:16:32', 0),
(162, 106, 22, '2019-09-25 16:17:30', 0),
(163, 107, 22, '2019-09-25 16:18:55', 0),
(164, 1, 4, '2019-09-25 16:22:34', 0);

INSERT INTO FollowerUser (guid, user_id, follower_id, follow_time, deleted) VALUES
(1, 1, 4, '2019-09-25 12:38:55', 0),
(2, 2, 4, '2019-09-25 12:38:58', 0),
(3, 3, 4, '2019-09-25 12:39:01', 0),
(4, 4, 5, '2019-09-25 12:50:27', 0),
(5, 1, 5, '2019-09-25 12:57:04', 0),
(6, 2, 5, '2019-09-25 12:57:09', 0),
(7, 3, 5, '2019-09-25 12:57:12', 0),
(8, 5, 4, '2019-09-25 12:57:24', 0),
(9, 4, 6, '2019-09-25 13:01:05', 0),
(10, 5, 6, '2019-09-25 13:01:39', 0),
(11, 1, 6, '2019-09-25 13:01:43', 0),
(12, 6, 4, '2019-09-25 13:09:15', 0),
(13, 2, 6, '2019-09-25 13:12:18', 0),
(14, 4, 7, '2019-09-25 13:14:03', 0),
(15, 6, 7, '2019-09-25 13:14:11', 0),
(16, 5, 7, '2019-09-25 13:14:19', 0),
(17, 7, 6, '2019-09-25 13:20:59', 0),
(18, 8, 6, '2019-09-25 13:23:15', 0),
(19, 6, 8, '2019-09-25 13:23:50', 0),
(20, 7, 8, '2019-09-25 13:25:47', 0),
(21, 4, 8, '2019-09-25 13:25:50', 0),
(22, 5, 8, '2019-09-25 13:25:57', 0),
(23, 1, 8, '2019-09-25 13:26:13', 0),
(24, 7, 9, '2019-09-25 13:28:49', 0),
(25, 4, 9, '2019-09-25 13:29:17', 0),
(26, 6, 9, '2019-09-25 13:29:21', 0),
(27, 8, 9, '2019-09-25 13:29:26', 0),
(28, 5, 9, '2019-09-25 13:29:29', 0),
(29, 9, 8, '2019-09-25 13:31:33', 0),
(30, 7, 10, '2019-09-25 13:35:24', 0),
(31, 4, 10, '2019-09-25 13:35:27', 0),
(32, 9, 10, '2019-09-25 13:35:31', 0),
(33, 6, 10, '2019-09-25 13:35:34', 0),
(34, 8, 10, '2019-09-25 13:35:38', 0),
(35, 5, 10, '2019-09-25 13:35:41', 0),
(36, 10, 9, '2019-09-25 13:38:00', 0),
(37, 9, 11, '2019-09-25 13:39:56', 0),
(38, 6, 11, '2019-09-25 13:39:59', 0),
(39, 8, 11, '2019-09-25 13:40:02', 0),
(40, 5, 11, '2019-09-25 13:40:05', 0),
(41, 10, 11, '2019-09-25 13:40:09', 0),
(42, 7, 11, '2019-09-25 13:40:13', 0),
(43, 4, 11, '2019-09-25 13:40:18', 0),
(44, 11, 9, '2019-09-25 13:43:22', 0),
(45, 10, 5, '2019-09-25 13:46:10', 0),
(46, 7, 5, '2019-09-25 13:46:14', 0),
(47, 9, 5, '2019-09-25 13:46:17', 0),
(48, 9, 12, '2019-09-25 14:52:04', 0),
(49, 6, 12, '2019-09-25 14:52:09', 0),
(50, 11, 12, '2019-09-25 14:52:13', 0),
(51, 8, 12, '2019-09-25 14:52:16', 0),
(52, 5, 12, '2019-09-25 14:52:19', 0),
(53, 10, 12, '2019-09-25 14:52:23', 0),
(54, 7, 12, '2019-09-25 14:52:27', 0),
(55, 4, 12, '2019-09-25 14:52:32', 0),
(56, 1, 12, '2019-09-25 14:52:38', 0),
(57, 2, 12, '2019-09-25 14:52:43', 0),
(58, 4, 13, '2019-09-25 14:55:50', 0),
(59, 10, 13, '2019-09-25 14:56:14', 0),
(60, 7, 13, '2019-09-25 14:56:26', 0),
(61, 12, 13, '2019-09-25 14:56:43', 0),
(62, 9, 13, '2019-09-25 14:56:57', 0),
(63, 11, 13, '2019-09-25 14:57:01', 0),
(64, 6, 13, '2019-09-25 14:57:05', 0),
(65, 8, 13, '2019-09-25 14:57:10', 0),
(66, 5, 13, '2019-09-25 14:57:15', 0),
(67, 13, 9, '2019-09-25 15:00:58', 0),
(68, 13, 12, '2019-09-25 15:01:26', 0),
(69, 13, 14, '2019-09-25 15:09:02', 0),
(70, 10, 14, '2019-09-25 15:09:05', 0),
(71, 7, 14, '2019-09-25 15:09:08', 0),
(72, 4, 14, '2019-09-25 15:09:11', 0),
(73, 12, 14, '2019-09-25 15:09:14', 0),
(74, 9, 14, '2019-09-25 15:09:18', 0),
(75, 6, 14, '2019-09-25 15:09:23', 0),
(76, 8, 14, '2019-09-25 15:09:27', 0),
(77, 1, 14, '2019-09-25 15:09:50', 0),
(78, 14, 13, '2019-09-25 15:15:42', 0),
(79, 14, 12, '2019-09-25 15:18:02', 0),
(80, 13, 15, '2019-09-25 15:20:00', 0),
(81, 10, 15, '2019-09-25 15:20:08', 0),
(82, 7, 15, '2019-09-25 15:20:11', 0),
(83, 4, 15, '2019-09-25 15:20:15', 0),
(84, 12, 15, '2019-09-25 15:20:18', 0),
(85, 9, 15, '2019-09-25 15:20:26', 0),
(86, 6, 15, '2019-09-25 15:20:34', 0),
(87, 14, 15, '2019-09-25 15:20:40', 0),
(88, 11, 15, '2019-09-25 15:20:48', 0),
(89, 13, 16, '2019-09-25 15:28:09', 0),
(90, 10, 16, '2019-09-25 15:28:28', 0),
(91, 7, 16, '2019-09-25 15:29:20', 0),
(92, 4, 16, '2019-09-25 15:29:29', 0),
(93, 15, 16, '2019-09-25 15:29:47', 0),
(94, 12, 16, '2019-09-25 15:30:11', 0),
(95, 9, 16, '2019-09-25 15:30:34', 0),
(96, 6, 16, '2019-09-25 15:30:55', 0),
(97, 14, 16, '2019-09-25 15:31:18', 0),
(98, 16, 15, '2019-09-25 15:31:26', 0),
(99, 16, 15, '2019-09-25 15:31:26', 0),
(100, 8, 16, '2019-09-25 15:31:56', 0),
(101, 5, 16, '2019-09-25 15:32:09', 0),
(102, 16, 14, '2019-09-25 15:33:46', 0),
(103, 15, 17, '2019-09-25 15:36:44', 0),
(104, 12, 17, '2019-09-25 15:36:54', 0),
(105, 9, 17, '2019-09-25 15:37:06', 0),
(106, 6, 17, '2019-09-25 15:37:18', 0),
(107, 14, 17, '2019-09-25 15:37:30', 0),
(108, 11, 17, '2019-09-25 15:37:37', 0),
(109, 8, 17, '2019-09-25 15:37:43', 0),
(110, 5, 17, '2019-09-25 15:37:54', 0),
(111, 16, 17, '2019-09-25 15:38:03', 0),
(112, 13, 17, '2019-09-25 15:38:09', 0),
(113, 10, 17, '2019-09-25 15:38:19', 0),
(114, 7, 17, '2019-09-25 15:38:27', 0),
(115, 2, 17, '2019-09-25 15:38:39', 0),
(116, 13, 18, '2019-09-25 15:42:40', 0),
(117, 10, 18, '2019-09-25 15:42:50', 0),
(118, 7, 18, '2019-09-25 15:42:52', 0),
(119, 4, 18, '2019-09-25 15:43:03', 0),
(120, 15, 18, '2019-09-25 15:43:07', 0),
(121, 12, 18, '2019-09-25 15:43:11', 0),
(122, 9, 18, '2019-09-25 15:43:15', 0),
(123, 6, 18, '2019-09-25 15:43:19', 0),
(124, 17, 18, '2019-09-25 15:43:23', 0),
(125, 14, 18, '2019-09-25 15:43:28', 0),
(126, 11, 18, '2019-09-25 15:43:36', 0),
(127, 8, 18, '2019-09-25 15:43:39', 0),
(128, 5, 18, '2019-09-25 15:43:43', 0),
(129, 16, 18, '2019-09-25 15:43:48', 0),
(130, 1, 18, '2019-09-25 15:43:53', 0),
(131, 18, 16, '2019-09-25 15:45:23', 0),
(132, 19, 18, '2019-09-25 15:54:28', 0),
(133, 19, 16, '2019-09-25 15:54:45', 0),
(134, 20, 18, '2019-09-25 15:56:11', 0),
(135, 19, 20, '2019-09-25 15:56:57', 0),
(136, 16, 20, '2019-09-25 15:57:00', 0),
(137, 13, 20, '2019-09-25 15:57:03', 0),
(138, 10, 20, '2019-09-25 15:57:07', 0),
(139, 7, 20, '2019-09-25 15:57:11', 0),
(140, 4, 20, '2019-09-25 15:57:17', 0),
(141, 12, 20, '2019-09-25 15:57:20', 0),
(142, 9, 20, '2019-09-25 15:57:25', 0),
(143, 6, 20, '2019-09-25 15:57:29', 0),
(144, 17, 20, '2019-09-25 15:57:34', 0),
(145, 14, 20, '2019-09-25 15:57:38', 0),
(146, 11, 20, '2019-09-25 15:57:42', 0),
(147, 8, 20, '2019-09-25 15:57:47', 0),
(148, 5, 20, '2019-09-25 15:57:51', 0),
(149, 2, 20, '2019-09-25 15:57:58', 0),
(150, 18, 19, '2019-09-25 15:58:58', 0),
(151, 15, 19, '2019-09-25 15:59:03', 0),
(152, 12, 19, '2019-09-25 15:59:06', 0),
(153, 4, 19, '2019-09-25 15:59:10', 0),
(154, 5, 19, '2019-09-25 15:59:13', 0),
(155, 6, 19, '2019-09-25 15:59:16', 0),
(156, 7, 19, '2019-09-25 15:59:19', 0),
(157, 8, 19, '2019-09-25 15:59:22', 0),
(158, 9, 19, '2019-09-25 15:59:25', 0),
(159, 10, 19, '2019-09-25 15:59:28', 0),
(160, 11, 19, '2019-09-25 15:59:31', 0),
(161, 13, 19, '2019-09-25 15:59:38', 0),
(162, 14, 19, '2019-09-25 15:59:41', 0),
(163, 16, 19, '2019-09-25 15:59:47', 0),
(164, 17, 19, '2019-09-25 15:59:50', 0),
(165, 20, 19, '2019-09-25 16:00:00', 0),
(166, 18, 20, '2019-09-25 16:02:48', 0),
(167, 15, 20, '2019-09-25 16:03:22', 0),
(168, 21, 20, '2019-09-25 16:04:53', 0),
(169, 1, 20, '2019-09-25 16:05:36', 1),
(170, 19, 22, '2019-09-25 16:09:28', 0),
(171, 16, 22, '2019-09-25 16:09:44', 0),
(172, 13, 22, '2019-09-25 16:09:57', 0),
(173, 10, 22, '2019-09-25 16:10:13', 0),
(174, 7, 22, '2019-09-25 16:10:17', 0),
(175, 4, 22, '2019-09-25 16:10:35', 1),
(176, 21, 22, '2019-09-25 16:10:52', 0),
(177, 18, 22, '2019-09-25 16:11:05', 0),
(178, 4, 23, '2019-09-25 16:11:19', 0),
(179, 23, 22, '2019-09-25 16:11:19', 0),
(180, 5, 23, '2019-09-25 16:11:22', 0),
(181, 6, 23, '2019-09-25 16:11:25', 0),
(182, 15, 22, '2019-09-25 16:11:27', 0),
(183, 7, 23, '2019-09-25 16:11:28', 0),
(184, 8, 23, '2019-09-25 16:11:31', 0),
(185, 9, 23, '2019-09-25 16:11:34', 0),
(186, 10, 23, '2019-09-25 16:11:37', 1),
(187, 11, 23, '2019-09-25 16:11:41', 0),
(188, 12, 23, '2019-09-25 16:11:44', 0),
(189, 12, 22, '2019-09-25 16:11:45', 0),
(190, 13, 23, '2019-09-25 16:11:46', 0),
(191, 14, 23, '2019-09-25 16:11:52', 0),
(192, 15, 23, '2019-09-25 16:11:55', 0),
(193, 16, 23, '2019-09-25 16:11:58', 0),
(194, 9, 22, '2019-09-25 16:11:59', 0),
(195, 17, 23, '2019-09-25 16:12:01', 0),
(196, 18, 23, '2019-09-25 16:12:03', 0),
(197, 19, 23, '2019-09-25 16:12:08', 0),
(198, 20, 23, '2019-09-25 16:12:11', 0),
(199, 21, 23, '2019-09-25 16:12:13', 0),
(200, 22, 23, '2019-09-25 16:12:16', 0),
(201, 6, 22, '2019-09-25 16:12:23', 0),
(202, 20, 22, '2019-09-25 16:12:44', 0),
(203, 17, 22, '2019-09-25 16:12:58', 0),
(204, 11, 22, '2019-09-25 16:13:10', 0),
(205, 8, 22, '2019-09-25 16:13:22', 0),
(206, 5, 22, '2019-09-25 16:13:35', 0),
(207, 23, 20, '2019-09-25 16:14:03', 0),
(208, 22, 20, '2019-09-25 16:14:15', 0),
(209, 8, 4, '2019-09-25 16:20:53', 0),
(210, 22, 4, '2019-09-25 16:20:56', 0),
(211, 19, 4, '2019-09-25 16:21:00', 0),
(212, 16, 4, '2019-09-25 16:21:04', 0),
(213, 10, 4, '2019-09-25 16:21:07', 0),
(214, 7, 4, '2019-09-25 16:21:11', 0),
(215, 21, 4, '2019-09-25 16:21:16', 0),
(216, 18, 4, '2019-09-25 16:21:20', 0),
(217, 15, 4, '2019-09-25 16:21:24', 0);

INSERT INTO NewsFeedEvent (guid, event_type, user_id, dest_id, ref_id, created) VALUES
(1, 'CREATED_NEW_TRIP', 4, NULL, 3, '2019-09-25 12:37:42'),
(2, 'CREATED_NEW_DESTINATION', 4, NULL, 65, '2019-09-25 12:38:21'),
(3, 'CREATED_NEW_DESTINATION', 4, NULL, 66, '2019-09-25 12:43:30'),
(4, 'CREATED_NEW_DESTINATION', 4, NULL, 67, '2019-09-25 12:45:44'),
(5, 'CREATED_NEW_TRIP', 4, NULL, 4, '2019-09-25 12:46:43'),
(6, 'CREATED_NEW_TRIP', 5, NULL, 5, '2019-09-25 12:52:35'),
(7, 'UPDATED_EXISTING_TRIP', 5, 56, 5, '2019-09-25 12:53:28'),
(8, 'UPDATED_EXISTING_TRIP', 5, 4, 5, '2019-09-25 12:53:28'),
(9, 'CREATED_NEW_DESTINATION', 5, NULL, 68, '2019-09-25 12:54:21'),
(10, 'CREATED_NEW_DESTINATION', 5, NULL, 69, '2019-09-25 12:55:51'),
(11, 'CREATED_NEW_DESTINATION', 6, NULL, 70, '2019-09-25 13:03:00'),
(12, 'CREATED_NEW_TRIP', 6, NULL, 6, '2019-09-25 13:03:34'),
(13, 'CREATED_NEW_DESTINATION', 4, NULL, 71, '2019-09-25 13:10:23'),
(14, 'CREATED_NEW_TRIP', 6, NULL, 7, '2019-09-25 13:11:31'),
(15, 'CREATED_NEW_TRIP', 7, NULL, 8, '2019-09-25 13:16:09'),
(16, 'CREATED_NEW_DESTINATION', 7, NULL, 72, '2019-09-25 13:16:44'),
(17, 'CREATED_NEW_DESTINATION', 7, NULL, 73, '2019-09-25 13:17:12'),
(18, 'CREATED_NEW_DESTINATION', 7, NULL, 74, '2019-09-25 13:18:17'),
(19, 'UPDATED_EXISTING_DESTINATION', 7, NULL, 73, '2019-09-25 13:19:48'),
(20, 'UPDATED_EXISTING_DESTINATION', 7, NULL, 74, '2019-09-25 13:20:04'),
(21, 'CREATED_NEW_TRIP', 7, NULL, 9, '2019-09-25 13:20:31'),
(22, 'CREATED_NEW_TRIP', 8, NULL, 10, '2019-09-25 13:25:00'),
(23, 'CREATED_NEW_TRIP', 8, NULL, 11, '2019-09-25 13:25:35'),
(24, 'CREATED_NEW_DESTINATION', 9, NULL, 75, '2019-09-25 13:31:07'),
(25, 'CREATED_NEW_TRIP', 9, NULL, 12, '2019-09-25 13:31:22'),
(26, 'CREATED_NEW_DESTINATION', 9, NULL, 76, '2019-09-25 13:32:51'),
(27, 'CREATED_NEW_TRIP', 9, NULL, 13, '2019-09-25 13:33:24'),
(28, 'CREATED_NEW_TRIP', 10, NULL, 14, '2019-09-25 13:37:10'),
(29, 'CREATED_NEW_TRIP', 10, NULL, 15, '2019-09-25 13:37:45'),
(30, 'CREATED_NEW_DESTINATION', 11, NULL, 77, '2019-09-25 13:41:23'),
(31, 'CREATED_NEW_TRIP', 11, NULL, 16, '2019-09-25 13:41:52'),
(32, 'CREATED_NEW_DESTINATION', 11, NULL, 78, '2019-09-25 13:44:32'),
(33, 'CREATED_NEW_DESTINATION', 11, NULL, 79, '2019-09-25 13:45:25'),
(34, 'CREATED_NEW_DESTINATION', 12, NULL, 80, '2019-09-25 14:57:02'),
(35, 'CREATED_NEW_DESTINATION', 12, NULL, 81, '2019-09-25 14:58:56'),
(36, 'CREATED_NEW_DESTINATION', 13, NULL, 82, '2019-09-25 14:59:06'),
(37, 'CREATED_NEW_DESTINATION', 13, NULL, 83, '2019-09-25 14:59:59'),
(38, 'CREATED_NEW_TRIP', 13, NULL, 17, '2019-09-25 15:00:39'),
(40, 'CREATED_NEW_TRIP', 12, NULL, 19, '2019-09-25 15:04:41'),
(41, 'CREATED_NEW_TRIP', 12, NULL, 18, '2019-09-25 15:04:46'),
(42, 'CREATED_NEW_TRIP', 12, NULL, 20, '2019-09-25 15:04:49'),
(43, 'CREATED_NEW_DESTINATION', 13, NULL, 84, '2019-09-25 15:04:57'),
(44, 'CREATED_NEW_DESTINATION', 13, NULL, 85, '2019-09-25 15:06:46'),
(45, 'CREATED_NEW_TRIP', 13, NULL, 21, '2019-09-25 15:07:29'),
(46, 'CREATED_NEW_DESTINATION', 12, NULL, 86, '2019-09-25 15:07:29'),
(47, 'CREATED_NEW_DESTINATION', 12, NULL, 87, '2019-09-25 15:08:59'),
(48, 'CREATED_NEW_DESTINATION', 12, NULL, 88, '2019-09-25 15:11:01'),
(49, 'CREATED_NEW_DESTINATION', 12, NULL, 89, '2019-09-25 15:14:48'),
(50, 'CREATED_NEW_DESTINATION', 14, NULL, 90, '2019-09-25 15:15:04'),
(51, 'CREATED_NEW_DESTINATION', 12, NULL, 91, '2019-09-25 15:16:07'),
(52, 'CREATED_NEW_DESTINATION', 14, NULL, 92, '2019-09-25 15:16:37'),
(53, 'UPDATED_EXISTING_DESTINATION', 14, NULL, 92, '2019-09-25 15:17:13'),
(54, 'CREATED_NEW_TRIP', 14, NULL, 22, '2019-09-25 15:20:38'),
(55, 'CREATED_NEW_TRIP', 15, NULL, 23, '2019-09-25 15:22:25'),
(56, 'CREATED_NEW_TRIP', 15, NULL, 24, '2019-09-25 15:23:14'),
(57, 'CREATED_NEW_TRIP', 14, NULL, 25, '2019-09-25 15:23:51'),
(58, 'UPDATED_EXISTING_DESTINATION', 15, NULL, 93, '2019-09-25 15:24:01'),
(59, 'UPDATED_EXISTING_DESTINATION', 15, NULL, 93, '2019-09-25 15:24:15'),
(60, 'CREATED_NEW_DESTINATION', 14, NULL, 94, '2019-09-25 15:25:48'),
(61, 'CREATED_NEW_DESTINATION', 15, NULL, 95, '2019-09-25 15:29:05'),
(62, 'CREATED_NEW_TRIP', 15, NULL, 26, '2019-09-25 15:29:23'),
(63, 'CREATED_NEW_TRIP', 16, NULL, 27, '2019-09-25 15:33:35'),
(64, 'CREATED_NEW_DESTINATION', 16, NULL, 96, '2019-09-25 15:35:23'),
(65, 'CREATED_NEW_DESTINATION', 16, NULL, 97, '2019-09-25 15:37:19'),
(66, 'UPDATED_EXISTING_DESTINATION', 16, NULL, 97, '2019-09-25 15:37:28'),
(67, 'UPDATED_EXISTING_DESTINATION', 16, NULL, 97, '2019-09-25 15:37:37'),
(68, 'UPDATED_EXISTING_DESTINATION', 16, NULL, 96, '2019-09-25 15:38:12'),
(69, 'CREATED_NEW_TRIP', 16, NULL, 28, '2019-09-25 15:39:20'),
(70, 'CREATED_NEW_TRIP', 17, NULL, 29, '2019-09-25 15:42:53'),
(71, 'UPDATED_EXISTING_TRIP', 17, 65, 29, '2019-09-25 15:44:22'),
(72, 'CREATED_NEW_TRIP', 17, NULL, 31, '2019-09-25 15:46:03'),
(73, 'CREATED_NEW_TRIP', 18, NULL, 30, '2019-09-25 15:46:14'),
(74, 'UPDATED_EXISTING_TRIP', 18, 65, 30, '2019-09-25 15:46:51'),
(75, 'UPDATED_EXISTING_TRIP', 18, 66, 30, '2019-09-25 15:46:51'),
(76, 'CREATED_NEW_DESTINATION', 17, NULL, 98, '2019-09-25 15:48:35'),
(77, 'CREATED_NEW_TRIP', 18, NULL, 32, '2019-09-25 15:51:27'),
(78, 'CREATED_NEW_DESTINATION', 19, NULL, 99, '2019-09-25 15:52:12'),
(79, 'CREATED_NEW_DESTINATION', 18, NULL, 100, '2019-09-25 15:52:32'),
(80, 'UPDATED_EXISTING_DESTINATION', 18, NULL, 100, '2019-09-25 15:53:14'),
(81, 'CREATED_NEW_DESTINATION', 19, NULL, 101, '2019-09-25 15:53:28'),
(82, 'CREATED_NEW_DESTINATION', 19, NULL, 102, '2019-09-25 15:54:39'),
(83, 'CREATED_NEW_DESTINATION', 19, NULL, 103, '2019-09-25 15:56:24'),
(84, 'UPDATED_EXISTING_DESTINATION', 19, NULL, 101, '2019-09-25 15:58:03'),
(85, 'UPDATED_EXISTING_DESTINATION', 19, NULL, 102, '2019-09-25 15:58:27'),
(86, 'UPDATED_EXISTING_DESTINATION', 19, NULL, 103, '2019-09-25 15:58:38'),
(87, 'CREATED_NEW_DESTINATION', 20, NULL, 104, '2019-09-25 16:00:32'),
(88, 'UPDATED_EXISTING_DESTINATION', 20, NULL, 104, '2019-09-25 16:01:03'),
(89, 'CREATED_NEW_TRIP', 19, NULL, 33, '2019-09-25 16:02:03'),
(90, 'CREATED_NEW_DESTINATION', 19, NULL, 105, '2019-09-25 16:02:46'),
(91, 'UPDATED_EXISTING_TRIP', 19, 105, 33, '2019-09-25 16:03:15'),
(92, 'CREATED_NEW_TRIP', 21, NULL, 34, '2019-09-25 16:05:52'),
(93, 'CREATED_NEW_TRIP', 21, NULL, 35, '2019-09-25 16:05:55'),
(94, 'CREATED_NEW_TRIP', 21, NULL, 36, '2019-09-25 16:05:57'),
(95, 'CREATED_NEW_TRIP', 21, NULL, 37, '2019-09-25 16:06:00'),
(96, 'CREATED_NEW_TRIP', 21, NULL, 38, '2019-09-25 16:06:02'),
(97, 'CREATED_NEW_TRIP', 21, NULL, 39, '2019-09-25 16:06:04'),
(98, 'CREATED_NEW_TRIP', 21, NULL, 40, '2019-09-25 16:06:07'),
(99, 'CREATED_NEW_TRIP', 21, NULL, 41, '2019-09-25 16:06:09'),
(100, 'CREATED_NEW_TRIP', 21, NULL, 42, '2019-09-25 16:06:11'),
(101, 'CREATED_NEW_TRIP', 20, NULL, 47, '2019-09-25 16:06:12'),
(102, 'CREATED_NEW_TRIP', 21, NULL, 43, '2019-09-25 16:06:14'),
(103, 'CREATED_NEW_TRIP', 21, NULL, 44, '2019-09-25 16:06:18'),
(104, 'CREATED_NEW_TRIP', 21, NULL, 45, '2019-09-25 16:06:21'),
(105, 'CREATED_NEW_TRIP', 21, NULL, 46, '2019-09-25 16:06:23'),
(106, 'UPDATED_EXISTING_TRIP', 21, 27, 34, '2019-09-25 16:07:14'),
(107, 'UPDATED_EXISTING_TRIP', 21, 91, 34, '2019-09-25 16:07:14'),
(108, 'UPDATED_EXISTING_TRIP', 21, 76, 34, '2019-09-25 16:07:14'),
(109, 'UPDATED_EXISTING_TRIP', 21, 28, 34, '2019-09-25 16:07:14'),
(110, 'CREATED_NEW_TRIP', 20, NULL, 48, '2019-09-25 16:07:42'),
(111, 'CREATED_NEW_TRIP', 23, NULL, 49, '2019-09-25 16:13:26'),
(112, 'CREATED_NEW_DESTINATION', 22, NULL, 106, '2019-09-25 16:17:20'),
(113, 'UPDATED_EXISTING_DESTINATION', 22, NULL, 106, '2019-09-25 16:17:50'),
(114, 'CREATED_NEW_DESTINATION', 22, NULL, 107, '2019-09-25 16:18:47'),
(115, 'UPDATED_EXISTING_DESTINATION', 22, NULL, 107, '2019-09-25 16:19:06'),
(116, 'UPDATED_EXISTING_DESTINATION', 22, NULL, 107, '2019-09-25 16:19:14'),
(117, 'CREATED_NEW_TRIP', 22, NULL, 50, '2019-09-25 16:20:19'),
(118, 'UPDATED_EXISTING_TRIP', 23, 20, 49, '2019-09-25 16:20:21'),
(119, 'UPDATED_EXISTING_TRIP', 23, 19, 49, '2019-09-25 16:20:21'),
(120, 'UPDATED_EXISTING_TRIP', 23, 18, 49, '2019-09-25 16:20:21');


INSERT INTO Likes (guid, event_id, user_id, deleted) VALUES
(1, 5, 4, 0),
(2, 10, 4, 0),
(3, 9, 4, 0),
(4, 7, 4, 0),
(5, 6, 4, 0),
(6, 5, 5, 0),
(7, 2, 5, 0),
(8, 4, 5, 0),
(9, 5, 6, 0),
(10, 12, 4, 0),
(11, 14, 6, 0),
(12, 14, 4, 0),
(13, 10, 7, 0),
(14, 5, 7, 0),
(15, 13, 7, 0),
(16, 21, 7, 0),
(17, 21, 6, 0),
(18, 15, 7, 0),
(19, 14, 8, 0),
(20, 12, 8, 0),
(21, 23, 8, 0),
(22, 10, 8, 0),
(23, 21, 9, 0),
(24, 19, 9, 0),
(25, 15, 9, 0),
(26, 13, 9, 0),
(27, 5, 9, 0),
(28, 4, 9, 0),
(29, 25, 9, 0),
(30, 25, 8, 0),
(31, 27, 9, 0),
(32, 27, 8, 0),
(33, 26, 8, 0),
(34, 27, 11, 0),
(35, 25, 11, 0),
(36, 26, 11, 0),
(37, 24, 11, 0),
(38, 14, 11, 0),
(39, 11, 11, 0),
(40, 23, 11, 0),
(41, 10, 11, 0),
(42, 7, 11, 0),
(43, 6, 11, 0),
(44, 29, 11, 0),
(45, 21, 11, 0),
(46, 18, 11, 0),
(47, 13, 11, 0),
(48, 5, 11, 0),
(49, 4, 11, 0),
(50, 3, 11, 0),
(51, 31, 11, 0),
(52, 31, 9, 0),
(53, 33, 11, 0),
(54, 10, 5, 0),
(55, 13, 5, 0),
(56, 13, 13, 0),
(57, 4, 13, 0),
(58, 1, 13, 0),
(59, 29, 13, 0),
(60, 28, 13, 0),
(61, 21, 13, 0),
(62, 19, 13, 0),
(63, 15, 13, 0),
(64, 38, 13, 0),
(65, 38, 9, 0),
(66, 37, 9, 0),
(67, 36, 9, 0),
(68, 42, 12, 0),
(69, 43, 12, 0),
(70, 38, 12, 0),
(71, 37, 12, 0),
(72, 45, 13, 0),
(73, 50, 13, 0),
(74, 53, 13, 0),
(75, 53, 12, 0),
(76, 52, 12, 0),
(77, 50, 12, 0),
(78, 51, 12, 0),
(79, 49, 12, 0),
(80, 47, 12, 0),
(81, 45, 15, 0),
(82, 51, 15, 0),
(83, 49, 15, 0),
(84, 48, 15, 0),
(85, 27, 15, 0),
(86, 26, 15, 0),
(87, 25, 15, 0),
(88, 24, 15, 0),
(89, 54, 14, 0),
(90, 33, 15, 0),
(91, 54, 13, 0),
(92, 42, 13, 0),
(93, 41, 13, 0),
(94, 34, 13, 0),
(95, 47, 13, 0),
(96, 48, 13, 0),
(97, 49, 13, 0),
(98, 51, 13, 0),
(99, 57, 14, 0),
(100, 57, 13, 0),
(101, 45, 16, 0),
(102, 44, 16, 0),
(103, 38, 16, 0),
(104, 37, 16, 0),
(105, 29, 16, 0),
(106, 28, 16, 0),
(107, 21, 16, 0),
(108, 19, 16, 0),
(109, 18, 16, 0),
(110, 17, 16, 0),
(111, 16, 16, 0),
(112, 15, 16, 0),
(113, 5, 16, 0),
(114, 4, 16, 0),
(115, 1, 16, 0),
(116, 62, 16, 0),
(117, 61, 16, 0),
(118, 59, 16, 0),
(119, 58, 16, 0),
(120, 56, 16, 0),
(121, 55, 16, 0),
(122, 51, 16, 0),
(123, 49, 16, 0),
(124, 48, 16, 0),
(125, 47, 16, 0),
(126, 46, 16, 0),
(127, 42, 16, 0),
(128, 41, 16, 0),
(129, 40, 16, 0),
(130, 27, 16, 0),
(131, 26, 16, 0),
(132, 25, 16, 0),
(133, 24, 16, 0),
(134, 14, 16, 0),
(135, 12, 16, 0),
(136, 11, 16, 0),
(137, 60, 16, 0),
(138, 57, 16, 0),
(139, 62, 15, 0),
(140, 54, 16, 0),
(141, 53, 16, 0),
(142, 52, 16, 0),
(143, 50, 16, 0),
(144, 33, 16, 0),
(145, 32, 16, 0),
(146, 31, 16, 0),
(147, 30, 16, 0),
(148, 23, 16, 0),
(149, 10, 16, 0),
(150, 9, 16, 0),
(151, 7, 16, 0),
(152, 6, 16, 0),
(153, 63, 16, 0),
(154, 63, 14, 0),
(155, 62, 17, 0),
(156, 51, 17, 0),
(157, 49, 17, 0),
(158, 27, 17, 0),
(159, 26, 17, 0),
(160, 25, 17, 0),
(161, 24, 17, 0),
(162, 12, 17, 0),
(163, 23, 17, 0),
(164, 22, 17, 0),
(165, 7, 17, 0),
(166, 68, 14, 0),
(167, 67, 14, 0),
(168, 66, 14, 0),
(169, 65, 14, 0),
(170, 20, 17, 0),
(171, 64, 14, 0),
(172, 69, 16, 0),
(173, 69, 14, 0),
(174, 73, 18, 0),
(175, 73, 16, 0),
(176, 74, 18, 0),
(177, 74, 16, 0),
(178, 69, 18, 0),
(179, 68, 18, 0),
(180, 67, 18, 0),
(181, 66, 18, 0),
(182, 65, 18, 0),
(183, 64, 18, 0),
(184, 63, 18, 0),
(185, 45, 18, 0),
(186, 44, 18, 0),
(187, 43, 18, 0),
(188, 38, 18, 0),
(189, 37, 18, 0),
(190, 36, 18, 0),
(191, 29, 18, 0),
(192, 28, 18, 0),
(193, 21, 18, 0),
(194, 20, 18, 0),
(195, 19, 18, 0),
(196, 18, 18, 0),
(197, 17, 18, 0),
(198, 16, 18, 0),
(199, 15, 18, 0),
(200, 13, 18, 0),
(201, 5, 18, 0),
(202, 4, 18, 0),
(203, 3, 18, 0),
(204, 2, 18, 0),
(205, 1, 18, 0),
(206, 62, 18, 0),
(207, 61, 18, 0),
(208, 59, 18, 0),
(209, 58, 18, 0),
(210, 56, 18, 0),
(211, 55, 18, 0),
(212, 51, 18, 0),
(213, 49, 18, 0),
(214, 48, 18, 0),
(215, 47, 18, 0),
(216, 46, 18, 0),
(217, 42, 18, 0),
(218, 41, 18, 0),
(219, 27, 18, 0),
(220, 26, 18, 0),
(221, 25, 18, 0),
(222, 24, 18, 0),
(223, 14, 18, 0),
(224, 12, 18, 0),
(225, 11, 18, 0),
(226, 60, 18, 0),
(227, 57, 18, 0),
(228, 54, 18, 0),
(229, 53, 18, 0),
(230, 52, 18, 0),
(231, 50, 18, 0),
(232, 76, 18, 0),
(233, 72, 18, 0),
(234, 71, 18, 0),
(235, 70, 18, 0),
(236, 23, 18, 0),
(237, 22, 18, 0),
(238, 33, 18, 0),
(239, 32, 18, 0),
(240, 31, 18, 0),
(241, 30, 18, 0),
(242, 77, 18, 0),
(243, 77, 16, 0),
(244, 80, 18, 0),
(245, 80, 16, 0),
(246, 86, 19, 0),
(247, 85, 19, 0),
(248, 84, 19, 0),
(249, 83, 19, 0),
(250, 82, 19, 0),
(251, 81, 19, 0),
(252, 78, 19, 0),
(253, 88, 20, 0),
(254, 87, 20, 0),
(255, 88, 18, 0),
(256, 87, 18, 0),
(257, 86, 20, 0),
(258, 85, 20, 0),
(259, 84, 20, 0),
(260, 83, 20, 0),
(261, 82, 20, 0),
(262, 81, 20, 0),
(263, 78, 20, 0),
(264, 69, 20, 0),
(265, 68, 20, 0),
(266, 67, 20, 0),
(267, 66, 20, 0),
(268, 65, 20, 0),
(269, 64, 20, 0),
(270, 63, 20, 0),
(271, 45, 20, 0),
(272, 44, 20, 0),
(273, 43, 20, 0),
(274, 38, 20, 0),
(275, 37, 20, 0),
(276, 36, 20, 0),
(277, 29, 20, 0),
(278, 28, 20, 0),
(279, 21, 20, 0),
(280, 20, 20, 0),
(281, 19, 20, 0),
(282, 18, 20, 0),
(283, 17, 20, 0),
(284, 13, 20, 0),
(285, 5, 20, 0),
(286, 4, 20, 0),
(287, 3, 20, 0),
(288, 2, 20, 0),
(289, 1, 20, 0),
(290, 80, 20, 0),
(291, 79, 20, 0),
(292, 77, 20, 0),
(293, 74, 20, 0),
(294, 75, 20, 0),
(295, 73, 20, 0),
(296, 62, 20, 0),
(297, 61, 20, 0),
(298, 59, 20, 0),
(299, 58, 20, 0),
(300, 56, 20, 0),
(301, 55, 20, 0),
(302, 51, 20, 0),
(303, 49, 20, 0),
(304, 48, 20, 0),
(305, 47, 20, 0),
(306, 46, 20, 0),
(307, 42, 20, 0),
(308, 41, 20, 0),
(309, 40, 20, 0),
(310, 35, 20, 0),
(311, 34, 20, 0),
(312, 27, 20, 0),
(313, 26, 20, 0),
(314, 25, 20, 0),
(315, 24, 20, 0),
(316, 14, 20, 0),
(317, 12, 20, 0),
(318, 11, 20, 0),
(319, 76, 20, 0),
(320, 72, 20, 0),
(321, 71, 20, 0),
(322, 70, 20, 0),
(323, 60, 20, 0),
(324, 57, 20, 0),
(325, 54, 20, 0),
(326, 53, 20, 0),
(327, 33, 20, 0),
(328, 32, 20, 0),
(329, 31, 20, 0),
(330, 30, 20, 0),
(331, 23, 20, 0),
(332, 22, 20, 0),
(333, 10, 20, 0),
(334, 9, 20, 0),
(335, 7, 20, 0),
(336, 6, 20, 0),
(337, 101, 20, 0),
(338, 105, 20, 0),
(339, 104, 20, 0),
(340, 103, 20, 0),
(341, 102, 20, 0),
(342, 100, 20, 0),
(343, 99, 20, 0),
(344, 98, 20, 0),
(345, 97, 20, 0),
(346, 110, 20, 0),
(347, 91, 22, 0),
(348, 90, 22, 0),
(349, 89, 22, 0),
(350, 86, 22, 0),
(351, 85, 22, 0),
(352, 84, 22, 0),
(353, 83, 22, 0),
(354, 69, 22, 0),
(355, 68, 22, 0),
(356, 67, 22, 0),
(357, 66, 22, 0),
(358, 65, 22, 0),
(359, 64, 22, 0),
(360, 45, 22, 0),
(361, 44, 22, 0),
(362, 43, 22, 0),
(363, 38, 22, 0),
(364, 37, 22, 0),
(365, 36, 22, 0),
(366, 29, 22, 0),
(367, 28, 22, 0),
(368, 21, 22, 0),
(369, 20, 22, 0),
(370, 19, 22, 0),
(371, 18, 22, 0),
(372, 17, 22, 0),
(373, 16, 22, 0),
(374, 15, 22, 0),
(375, 13, 22, 0),
(376, 5, 22, 0),
(377, 4, 22, 0),
(378, 3, 22, 0),
(379, 2, 22, 0),
(380, 1, 22, 0),
(381, 108, 22, 0),
(382, 105, 22, 0),
(383, 104, 22, 0),
(384, 103, 22, 0),
(385, 102, 22, 0),
(386, 80, 22, 0),
(387, 79, 22, 0),
(388, 77, 22, 0),
(389, 74, 22, 0),
(390, 75, 22, 0),
(391, 73, 22, 0),
(392, 62, 22, 0),
(393, 61, 22, 0),
(394, 59, 22, 0),
(395, 58, 22, 0),
(396, 51, 22, 0),
(397, 49, 22, 0),
(398, 48, 22, 0),
(399, 47, 22, 0),
(400, 46, 22, 0),
(401, 27, 22, 0),
(402, 26, 22, 0),
(403, 25, 22, 0),
(404, 24, 22, 0),
(405, 14, 22, 0),
(406, 12, 22, 0),
(407, 11, 22, 0),
(408, 110, 22, 0),
(409, 101, 22, 0),
(410, 88, 22, 0),
(411, 87, 22, 0),
(412, 76, 22, 0),
(413, 72, 22, 0),
(414, 71, 22, 0),
(415, 33, 22, 0),
(416, 32, 22, 0),
(417, 31, 22, 0),
(418, 23, 22, 0),
(419, 22, 22, 0),
(420, 10, 22, 0),
(421, 9, 22, 0),
(422, 7, 22, 0),
(423, 6, 22, 0),
(424, 60, 22, 0),
(425, 57, 22, 0),
(426, 111, 20, 0),
(427, 116, 22, 0),
(428, 115, 22, 0),
(429, 114, 22, 0),
(430, 116, 20, 0),
(431, 113, 20, 0),
(432, 112, 20, 0),
(433, 117, 22, 0),
(434, 117, 20, 0),
(435, 23, 4, 0),
(436, 22, 4, 0),
(437, 69, 4, 0),
(438, 68, 4, 0),
(439, 67, 4, 0),
(440, 29, 4, 0),
(441, 28, 4, 0);

INSERT INTO Nationality (guid, user_id, country_id) VALUES
(5, 4, 554),
(6, 5, 826),
(7, 6, 156),
(8, 6, 356),
(9, 7, 840),
(10, 8, 392),
(11, 9, 36),
(12, 10, 554),
(13, 11, 250),
(14, 12, 36),
(15, 12, 554),
(16, 13, 643),
(17, 13, 804),
(18, 14, 554),
(19, 15, 554),
(20, 16, 208),
(21, 17, 372),
(22, 17, 554),
(23, 18, 826),
(24, 19, 496),
(25, 20, 840),
(26, 21, 724),
(27, 22, 124),
(28, 23, 840);

INSERT INTO Passport (guid, user_id, country_id) VALUES
(2, 4, 554),
(3, 5, 826),
(4, 6, 156),
(5, 8, 392),
(6, 9, 36),
(7, 10, 554),
(8, 11, 250),
(9, 12, 554),
(10, 13, 804),
(11, 14, 554),
(12, 16, 208),
(13, 17, 372),
(14, 17, 554),
(15, 18, 826),
(16, 20, 840),
(17, 22, 124),
(18, 23, 840);

INSERT INTO Tag (id, name) VALUES
(21, 'Africa'),
(24, 'america'),
(61, 'Arena'),
(5, 'Argentina'),
(90, 'asia'),
(13, 'Australia'),
(55, 'Barcelona'),
(32, 'beach'),
(7, 'Brazil'),
(94, 'cali'),
(88, 'Campaign'),
(80, 'capital'),
(58, 'Catalonia'),
(79, 'china'),
(43, 'City'),
(48, 'cold'),
(52, 'Company'),
(40, 'dangerous'),
(101, 'Definitely legitimate business trip'),
(17, 'dubai'),
(33, 'egypt'),
(85, 'eiffel'),
(46, 'europe'),
(39, 'exciting'),
(57, 'FC Barcelona'),
(75, 'Food'),
(11, 'Footbal'),
(56, 'Football'),
(92, 'Genghis Khan'),
(62, 'Germany'),
(51, 'Google'),
(34, 'greece'),
(12, 'holiday'),
(96, 'hollywood'),
(45, 'Holocaust'),
(68, 'Home'),
(8, 'Hot'),
(69, 'House'),
(18, 'india'),
(27, 'island'),
(15, 'italy'),
(30, 'japan'),
(38, 'korea'),
(95, 'la'),
(19, 'landmark'),
(29, 'london'),
(31, 'miami'),
(87, 'Mongol Horde'),
(89, 'Mongolia'),
(20, 'Mountain'),
(59, 'New Zealand'),
(35, 'North Island'),
(37, 'north korea'),
(97, 'nyc'),
(25, 'philippines'),
(44, 'Poland'),
(84, 'Putin'),
(74, 'Ramen'),
(6, 'Rio'),
(23, 'road trip'),
(81, 'Round the world'),
(49, 'scotland'),
(98, 'singapore'),
(47, 'snow'),
(10, 'Soccer'),
(4, 'South America'),
(36, 'South Island'),
(9, 'Spain'),
(83, 'Spooky'),
(100, 'Spy Trip'),
(99, 'Spying'),
(54, 'Stadium'),
(14, 'sun'),
(86, 'tower'),
(16, 'travel'),
(103, 'tro'),
(26, 'tropical'),
(50, 'uk'),
(64, 'uruguay'),
(53, 'US'),
(93, 'usa'),
(91, 'vietnam'),
(42, 'Warsaw'),
(41, 'WW2');

INSERT INTO TravellerType (guid, user_id, traveller_type_id) VALUES
(5, 4, 1),
(6, 4, 7),
(7, 5, 3),
(8, 6, 5),
(9, 7, 4),
(10, 7, 6),
(11, 8, 1),
(12, 8, 5),
(13, 9, 2),
(14, 9, 3),
(15, 10, 3),
(16, 10, 6),
(17, 11, 1),
(18, 11, 4),
(19, 12, 1),
(20, 12, 7),
(21, 13, 5),
(22, 14, 1),
(23, 15, 1),
(24, 15, 7),
(25, 16, 2),
(26, 16, 3),
(27, 17, 2),
(28, 17, 3),
(29, 18, 4),
(30, 18, 6),
(31, 19, 5),
(32, 20, 5),
(33, 21, 1),
(34, 21, 5),
(35, 22, 3),
(36, 23, 5);

INSERT INTO Trip (id, user_id, is_public, deleted, creation_date) VALUES
(3, 4, 1, 0, '2019-09-25 12:37:42'),
(4, 4, 1, 0, '2019-09-25 12:46:43'),
(5, 5, 1, 0, '2019-09-25 12:52:35'),
(6, 6, 1, 0, '2019-09-25 13:03:34'),
(7, 6, 1, 0, '2019-09-25 13:10:46'),
(8, 7, 1, 0, '2019-09-25 13:16:09'),
(9, 7, 1, 0, '2019-09-25 13:20:20'),
(10, 8, 1, 0, '2019-09-25 13:25:00'),
(11, 8, 1, 0, '2019-09-25 13:25:35'),
(12, 9, 1, 0, '2019-09-25 13:31:22'),
(13, 9, 1, 0, '2019-09-25 13:33:24'),
(14, 10, 1, 0, '2019-09-25 13:37:10'),
(15, 10, 1, 0, '2019-09-25 13:37:45'),
(16, 11, 1, 0, '2019-09-25 13:41:52'),
(17, 13, 1, 0, '2019-09-25 15:00:39'),
(18, 12, 1, 0, '2019-09-25 15:01:00'),
(19, 12, 1, 0, '2019-09-25 15:04:27'),
(20, 12, 1, 0, '2019-09-25 15:04:32'),
(21, 13, 1, 0, '2019-09-25 15:07:29'),
(22, 14, 1, 0, '2019-09-25 15:20:38'),
(23, 15, 1, 0, '2019-09-25 15:22:25'),
(24, 15, 1, 0, '2019-09-25 15:23:06'),
(25, 14, 1, 0, '2019-09-25 15:23:51'),
(26, 15, 1, 0, '2019-09-25 15:29:15'),
(27, 16, 1, 0, '2019-09-25 15:32:31'),
(28, 16, 1, 0, '2019-09-25 15:39:20'),
(29, 17, 1, 0, '2019-09-25 15:42:53'),
(30, 18, 1, 0, '2019-09-25 15:45:35'),
(31, 17, 1, 0, '2019-09-25 15:45:55'),
(32, 18, 1, 0, '2019-09-25 15:51:27'),
(33, 19, 1, 0, '2019-09-25 16:02:03'),
(34, 21, 1, 0, '2019-09-25 16:04:57'),
(35, 21, 1, 0, '2019-09-25 16:04:59'),
(36, 21, 1, 0, '2019-09-25 16:05:01'),
(37, 21, 1, 0, '2019-09-25 16:05:05'),
(38, 21, 1, 0, '2019-09-25 16:05:09'),
(39, 21, 1, 0, '2019-09-25 16:05:11'),
(40, 21, 1, 0, '2019-09-25 16:05:14'),
(41, 21, 1, 0, '2019-09-25 16:05:18'),
(42, 21, 1, 0, '2019-09-25 16:05:21'),
(43, 21, 1, 0, '2019-09-25 16:05:23'),
(44, 21, 1, 0, '2019-09-25 16:05:30'),
(45, 21, 1, 0, '2019-09-25 16:05:37'),
(46, 21, 1, 0, '2019-09-25 16:05:41'),
(47, 20, 1, 0, '2019-09-25 16:06:12'),
(48, 20, 1, 0, '2019-09-25 16:07:24'),
(49, 23, 1, 0, '2019-09-25 16:13:26'),
(50, 22, 1, 0, '2019-09-25 16:20:19');

INSERT INTO TripData (guid, trip_id, position, destination_id, arrival_time, departure_time) VALUES
(7, 3, 0, 28, NULL, '2019-10-23 12:00:00'),
(8, 3, 1, 18, '2019-10-23 23:30:00', '2019-10-26 09:15:00'),
(9, 3, 2, 50, '2019-10-26 13:45:00', '2019-11-05 15:30:00'),
(10, 4, 0, 28, NULL, NULL),
(11, 4, 1, 27, NULL, NULL),
(12, 4, 2, 22, NULL, NULL),
(13, 4, 3, 62, NULL, NULL),
(14, 4, 4, 26, NULL, NULL),
(15, 4, 5, 23, NULL, NULL),
(21, 5, 0, 48, NULL, NULL),
(22, 5, 1, 44, NULL, NULL),
(23, 5, 2, 60, NULL, NULL),
(24, 5, 3, 45, NULL, NULL),
(25, 5, 4, 57, NULL, NULL),
(26, 5, 5, 4, NULL, NULL),
(27, 5, 6, 56, NULL, NULL),
(28, 6, 0, 19, NULL, NULL),
(29, 6, 1, 70, NULL, NULL),
(36, 7, 0, 28, NULL, NULL),
(37, 7, 1, 27, NULL, NULL),
(38, 7, 2, 22, NULL, NULL),
(39, 7, 3, 62, NULL, NULL),
(40, 7, 4, 26, NULL, NULL),
(41, 7, 5, 23, NULL, NULL),
(42, 7, 6, 33, NULL, NULL),
(43, 8, 0, 43, NULL, NULL),
(44, 8, 1, 51, NULL, NULL),
(45, 8, 2, 38, NULL, NULL),
(46, 8, 3, 14, NULL, NULL),
(47, 8, 4, 6, NULL, NULL),
(48, 8, 5, 58, NULL, NULL),
(49, 9, 0, 72, NULL, NULL),
(50, 9, 1, 73, NULL, NULL),
(51, 9, 2, 74, NULL, NULL),
(52, 10, 0, 2, NULL, NULL),
(53, 10, 1, 55, NULL, NULL),
(54, 10, 2, 59, NULL, NULL),
(55, 11, 0, 33, NULL, NULL),
(56, 11, 1, 8, NULL, NULL),
(57, 11, 2, 54, NULL, NULL),
(58, 12, 0, 38, NULL, NULL),
(59, 12, 1, 75, NULL, NULL),
(60, 13, 0, 41, NULL, NULL),
(61, 13, 1, 42, NULL, NULL),
(62, 13, 2, 76, NULL, NULL),
(63, 14, 0, 28, NULL, NULL),
(64, 14, 1, 29, NULL, NULL),
(65, 14, 2, 30, NULL, NULL),
(66, 14, 3, 31, NULL, NULL),
(67, 14, 4, 37, NULL, NULL),
(68, 14, 5, 32, NULL, NULL),
(69, 15, 0, 33, NULL, NULL),
(70, 15, 1, 34, NULL, NULL),
(71, 15, 2, 35, NULL, NULL),
(72, 15, 3, 36, NULL, NULL),
(73, 16, 0, 10, NULL, NULL),
(74, 16, 1, 77, NULL, NULL),
(75, 17, 0, 80, NULL, NULL),
(76, 17, 1, 82, NULL, NULL),
(77, 18, 0, 81, '2019-10-19 05:15:00', '2019-10-21 19:00:00'),
(78, 18, 1, 80, '2019-10-21 23:10:00', '2019-10-24 03:45:00'),
(79, 19, 0, 1, NULL, NULL),
(80, 19, 1, 2, NULL, NULL),
(81, 19, 2, 3, NULL, NULL),
(82, 20, 0, 43, NULL, NULL),
(83, 20, 1, 51, NULL, NULL),
(84, 20, 2, 38, NULL, NULL),
(85, 20, 3, 14, NULL, NULL),
(86, 20, 4, 6, NULL, NULL),
(87, 20, 5, 58, NULL, NULL),
(88, 21, 0, 84, NULL, NULL),
(89, 21, 1, 85, NULL, NULL),
(90, 21, 2, 40, NULL, NULL),
(91, 22, 0, 92, NULL, NULL),
(92, 22, 1, 18, NULL, NULL),
(93, 22, 2, 90, NULL, NULL),
(94, 22, 3, 50, NULL, NULL),
(95, 22, 4, 87, NULL, NULL),
(96, 23, 0, 89, '2019-12-31 17:00:00', '2019-12-31 20:00:00'),
(97, 23, 1, 91, NULL, NULL),
(98, 23, 2, 88, NULL, NULL),
(99, 24, 0, 19, NULL, NULL),
(100, 24, 1, 70, NULL, NULL),
(101, 25, 0, 41, NULL, NULL),
(102, 25, 1, 42, NULL, NULL),
(115, 26, 0, 2, NULL, NULL),
(116, 26, 1, 55, NULL, NULL),
(117, 26, 2, 59, NULL, NULL),
(118, 27, 0, 28, NULL, '2019-12-21 00:00:00'),
(119, 27, 1, 27, NULL, NULL),
(120, 27, 2, 22, NULL, NULL),
(121, 27, 3, 62, NULL, NULL),
(122, 27, 4, 26, NULL, NULL),
(123, 27, 5, 23, '2020-01-23 00:00:00', NULL),
(128, 28, 0, 97, NULL, NULL),
(129, 28, 1, 61, NULL, NULL),
(130, 28, 2, 64, NULL, NULL),
(131, 28, 3, 96, NULL, NULL),
(136, 29, 0, 85, NULL, NULL),
(137, 29, 1, 24, NULL, NULL),
(138, 29, 2, 50, NULL, NULL),
(139, 29, 3, 61, NULL, NULL),
(140, 29, 4, 65, NULL, NULL),
(156, 31, 0, 28, '2019-01-01 00:00:00', NULL),
(157, 31, 1, 27, NULL, NULL),
(158, 31, 2, 22, NULL, NULL),
(159, 31, 3, 62, NULL, NULL),
(160, 31, 4, 26, NULL, NULL),
(161, 31, 5, 23, NULL, '2020-12-31 00:00:00'),
(162, 31, 6, 33, NULL, NULL),
(163, 30, 0, 2, NULL, NULL),
(164, 30, 1, 55, NULL, NULL),
(165, 30, 2, 59, NULL, NULL),
(166, 30, 3, 85, NULL, NULL),
(167, 30, 4, 48, NULL, NULL),
(168, 30, 5, 65, NULL, NULL),
(169, 30, 6, 66, NULL, NULL),
(170, 32, 0, 2, NULL, NULL),
(171, 32, 1, 3, NULL, NULL),
(172, 32, 2, 52, NULL, NULL),
(177, 33, 0, 99, '1162-01-01 00:00:00', NULL),
(178, 33, 1, 103, NULL, NULL),
(179, 33, 2, 102, NULL, NULL),
(180, 33, 3, 101, NULL, NULL),
(181, 33, 4, 105, NULL, '1227-07-18 00:00:00'),
(185, 35, 0, 4, NULL, NULL),
(186, 35, 1, 5, NULL, NULL),
(187, 35, 2, 6, NULL, NULL),
(188, 36, 0, 28, NULL, '2019-10-23 12:00:00'),
(189, 36, 1, 18, '2019-10-23 23:30:00', '2019-10-26 09:15:00'),
(190, 36, 2, 50, '2019-10-26 13:45:00', '2019-11-05 15:30:00'),
(191, 37, 0, 28, NULL, NULL),
(192, 37, 1, 27, NULL, NULL),
(193, 37, 2, 22, NULL, NULL),
(194, 37, 3, 62, NULL, NULL),
(195, 37, 4, 26, NULL, NULL),
(196, 37, 5, 23, NULL, NULL),
(197, 38, 0, 48, NULL, NULL),
(198, 38, 1, 44, NULL, NULL),
(199, 38, 2, 60, NULL, NULL),
(200, 38, 3, 45, NULL, NULL),
(201, 38, 4, 57, NULL, NULL),
(202, 38, 5, 4, NULL, NULL),
(203, 38, 6, 56, NULL, NULL),
(204, 39, 0, 19, NULL, NULL),
(205, 39, 1, 70, NULL, NULL),
(206, 40, 0, 28, NULL, NULL),
(207, 40, 1, 27, NULL, NULL),
(208, 40, 2, 22, NULL, NULL),
(209, 40, 3, 62, NULL, NULL),
(210, 40, 4, 26, NULL, NULL),
(211, 40, 5, 23, NULL, NULL),
(212, 40, 6, 33, NULL, NULL),
(213, 41, 0, 43, NULL, NULL),
(214, 41, 1, 51, NULL, NULL),
(215, 41, 2, 38, NULL, NULL),
(216, 41, 3, 14, NULL, NULL),
(217, 41, 4, 6, NULL, NULL),
(218, 41, 5, 58, NULL, NULL),
(219, 42, 0, 72, NULL, NULL),
(220, 42, 1, 73, NULL, NULL),
(221, 42, 2, 74, NULL, NULL),
(222, 43, 0, 2, NULL, NULL),
(223, 43, 1, 55, NULL, NULL),
(224, 43, 2, 59, NULL, NULL),
(225, 44, 0, 2, NULL, NULL),
(226, 44, 1, 55, NULL, NULL),
(227, 44, 2, 59, NULL, NULL),
(228, 45, 0, 33, NULL, NULL),
(229, 45, 1, 8, NULL, NULL),
(230, 45, 2, 54, NULL, NULL),
(231, 46, 0, 80, NULL, NULL),
(232, 46, 1, 82, NULL, NULL),
(233, 47, 0, 104, NULL, NULL),
(234, 47, 1, 53, NULL, NULL),
(235, 34, 0, 1, NULL, NULL),
(236, 34, 1, 2, NULL, NULL),
(237, 34, 2, 3, NULL, NULL),
(238, 34, 3, 27, NULL, NULL),
(239, 34, 4, 91, NULL, NULL),
(240, 34, 5, 76, NULL, NULL),
(241, 34, 6, 28, NULL, NULL),
(245, 48, 0, 4, NULL, NULL),
(246, 48, 1, 5, NULL, NULL),
(247, 48, 2, 6, NULL, NULL),
(257, 50, 0, 107, NULL, NULL),
(258, 50, 1, 106, NULL, NULL),
(259, 49, 0, 1, NULL, NULL),
(260, 49, 1, 2, NULL, NULL),
(261, 49, 2, 3, NULL, NULL),
(262, 49, 3, 4, NULL, NULL),
(263, 49, 4, 5, NULL, NULL),
(264, 49, 5, 6, NULL, NULL),
(265, 49, 6, 7, NULL, NULL),
(266, 49, 7, 8, NULL, NULL),
(267, 49, 8, 9, NULL, NULL),
(268, 49, 9, 20, NULL, NULL),
(269, 49, 10, 19, NULL, NULL),
(270, 49, 11, 18, NULL, NULL);

INSERT INTO TripTag (guid, tag_id, trip_id) VALUES
(2, 4, 3),
(3, 5, 3),
(4, 6, 3),
(5, 7, 3),
(6, 12, 4),
(7, 13, 4),
(8, 14, 4),
(11, 15, 5),
(12, 16, 5),
(13, 17, 5),
(14, 21, 6),
(15, 23, 8),
(16, 24, 8),
(18, 29, 10),
(19, 30, 11),
(20, 32, 12),
(21, 33, 13),
(22, 34, 13),
(23, 35, 14),
(24, 36, 15),
(25, 38, 16),
(26, 39, 16),
(27, 40, 16),
(28, 46, 17),
(31, 46, 21),
(32, 56, 23),
(33, 33, 25),
(35, 11, 26),
(36, 30, 26),
(37, 79, 28),
(39, 81, 29),
(41, 50, 30),
(42, 85, 32),
(43, 86, 32),
(48, 88, 33),
(49, 92, 33),
(50, 87, 33),
(51, 89, 33),
(52, 96, 47),
(53, 17, 48),
(54, 97, 48),
(55, 98, 48),
(59, 26, 50),
(60, 101, 49),
(61, 100, 49),
(62, 99, 49);

INSERT INTO UsedTag (guid, tag_id, user_id, time_used) VALUES
(5, 4, 4, NULL),
(6, 5, 4, NULL),
(7, 6, 4, NULL),
(8, 7, 4, NULL),
(9, 8, 4, NULL),
(10, 9, 4, '2019-09-25 12:45:44'),
(11, 10, 4, NULL),
(12, 11, 4, NULL),
(13, 12, 4, NULL),
(14, 13, 4, NULL),
(15, 14, 4, NULL),
(16, 15, 5, NULL),
(17, 16, 5, NULL),
(18, 17, 5, NULL),
(19, 18, 5, '2019-09-25 12:55:51'),
(20, 19, 5, NULL),
(21, 19, 6, NULL),
(22, 20, 6, NULL),
(23, 21, 6, NULL),
(24, 18, 4, NULL),
(25, 23, 7, NULL),
(26, 24, 7, NULL),
(27, 25, 7, '2019-09-25 13:20:20'),
(28, 26, 7, NULL),
(29, 27, 7, NULL),
(30, 29, 8, NULL),
(31, 30, 8, NULL),
(32, 31, 9, NULL),
(33, 32, 9, '2019-09-25 13:31:22'),
(34, 33, 9, NULL),
(35, 34, 9, NULL),
(36, 35, 10, NULL),
(37, 36, 10, NULL),
(38, 37, 11, NULL),
(39, 38, 11, NULL),
(40, 39, 11, NULL),
(41, 40, 11, NULL),
(42, 41, 12, NULL),
(43, 42, 12, NULL),
(44, 43, 12, '2019-09-25 15:08:59'),
(45, 44, 12, '2019-09-25 15:01:00'),
(46, 45, 12, '2019-09-25 15:01:00'),
(47, 46, 13, '2019-09-25 15:07:29'),
(48, 47, 13, NULL),
(49, 48, 13, NULL),
(50, 49, 13, NULL),
(51, 50, 13, NULL),
(52, 51, 12, NULL),
(53, 52, 12, NULL),
(54, 53, 12, NULL),
(55, 7, 12, NULL),
(56, 54, 12, '2019-09-25 15:16:07'),
(57, 55, 12, NULL),
(58, 56, 12, '2019-09-25 15:16:07'),
(59, 57, 12, NULL),
(60, 58, 12, NULL),
(61, 59, 12, NULL),
(62, 61, 12, NULL),
(63, 62, 12, NULL),
(64, 64, 14, NULL),
(65, 56, 15, NULL),
(66, 68, 15, NULL),
(67, 33, 14, NULL),
(68, 69, 15, NULL),
(69, 74, 15, NULL),
(70, 75, 15, NULL),
(71, 11, 15, NULL),
(72, 30, 15, NULL),
(73, 79, 16, '2019-09-25 15:39:54'),
(74, 80, 16, NULL),
(75, 81, 17, NULL),
(76, 50, 18, NULL),
(77, 83, 17, NULL),
(78, 84, 17, NULL),
(79, 1, 17, NULL),
(80, 85, 18, NULL),
(81, 86, 18, NULL),
(82, 87, 19, '2019-09-25 16:02:46'),
(83, 88, 19, '2019-09-25 16:02:46'),
(84, 89, 19, '2019-09-25 16:02:46'),
(85, 90, 18, NULL),
(86, 91, 18, NULL),
(87, 92, 19, '2019-09-25 16:02:46'),
(88, 93, 20, NULL),
(89, 94, 20, NULL),
(90, 95, 20, NULL),
(91, 24, 20, NULL),
(92, 96, 20, NULL),
(93, 97, 20, NULL),
(94, 98, 20, NULL),
(95, 17, 20, NULL),
(96, 99, 23, NULL),
(97, 100, 23, NULL),
(98, 101, 23, NULL),
(99, 26, 22, '2019-09-25 16:20:19'),
(100, 103, 22, NULL);

INSERT INTO DestinationTag (guid, tag_id, destination_id) VALUES
(3, 8, 65),
(4, 9, 65),
(5, 9, 66),
(6, 9, 67),
(7, 10, 67),
(8, 11, 67),
(9, 18, 68),
(10, 18, 69),
(11, 19, 69),
(12, 19, 70),
(13, 20, 70),
(14, 18, 71),
(19, 25, 73),
(20, 27, 74),
(21, 25, 74),
(22, 26, 74),
(23, 31, 75),
(24, 32, 75),
(25, 37, 77),
(38, 41, 80),
(39, 42, 80),
(40, 43, 80),
(41, 44, 80),
(50, 46, 82),
(55, 44, 81),
(56, 45, 81),
(60, 46, 83),
(61, 47, 83),
(62, 48, 83),
(63, 46, 84),
(64, 49, 85),
(65, 50, 85),
(69, 51, 86),
(70, 52, 86),
(71, 53, 86),
(72, 7, 87),
(73, 43, 87),
(74, 54, 88),
(75, 55, 88),
(76, 56, 88),
(77, 57, 88),
(78, 58, 88),
(79, 56, 89),
(80, 54, 89),
(81, 59, 89),
(82, 56, 91),
(83, 54, 91),
(84, 61, 91),
(85, 62, 91),
(88, 64, 92),
(92, 68, 93),
(93, 69, 93),
(94, 74, 95),
(95, 75, 95),
(101, 79, 97),
(102, 80, 97),
(103, 79, 96),
(104, 1, 98),
(105, 83, 98),
(106, 84, 98),
(110, 90, 100),
(111, 91, 100),
(128, 87, 99),
(129, 88, 99),
(130, 89, 99),
(131, 92, 101),
(132, 89, 101),
(133, 92, 102),
(134, 87, 102),
(135, 89, 102),
(136, 92, 103),
(137, 87, 103),
(138, 89, 103),
(139, 24, 104),
(140, 93, 104),
(141, 94, 104),
(142, 95, 104),
(143, 88, 105),
(144, 92, 105),
(145, 87, 105),
(146, 89, 105),
(149, 26, 106),
(151, 26, 107);

-- !Downs
DELETE FROM Likes;
DELETE FROM NewsFeedEvent;
DELETE FROM UsedTag;
DELETE FROM PhotoTag;
DELETE FROM TripTag;
DELETE FROM DestinationTag;
DELETE FROM Tag;
DELETE FROM TreasureHunt;
DELETE FROM PendingDestinationPhoto;
DELETE FROM DestinationPhoto;
DELETE FROM TripData;
DELETE FROM Trip;
DELETE FROM DestinationTravellerTypePending;
DELETE FROM DestinationTravellerType;
DELETE FROM FollowerDestination;
DELETE FROM FollowerUser;
DELETE FROM Destination;
DELETE FROM TravellerType;
DELETE FROM TravellerTypeDefinition;
DELETE FROM Passport;
DELETE FROM Nationality;
DELETE FROM CountryDefinition;
DELETE FROM Profile;
DELETE FROM Photo;
DELETE FROM User;