2008,Datong,City,,40.076762,113.300129,CN
1347,Milano,City,Lombardia,45.4476447,9.1855974,IT
4067,Lincoln,City,Nebraska,40.8247318,-96.6157192,US
4458,Krajan Suco,City,,-8.2672,113.7496,ID
1160,Lysekil,City,Västra Götaland,58.2774681,11.4424559,SE
3011,Spokoynaya,City,,45.1338056,41.0192289,RU
3481,Khvatovka,City,,52.3554418,46.5615075,RU
2637,Toride,City,,35.8886106,140.0636977,JP
1730,Labé,City,,11.3232042,-12.2891314,GN
2565,Xiqi,City,,28.6559273,121.2198521,CN
1084,Kathmandu,City,,27.7172453,85.3239605,NP
2136,Lowayu,City,,-6.9689802,112.4261662,ID
4871,Jiaze,City,,31.685311,119.787645,CN
431,Gort,City,,52.8638391,-8.9791425,IE
933,Lhuentse,City,,27.8264989,91.135302,BT
2922,San Juan Ixcoy,City,,15.59972,-91.44528,GT
4583,Monte Caseros,City,,-32.9576242,-68.7400523,AR
779,Cigalontang,City,,-7.3059077,107.9768875,ID
3354,Irahuan,City,,9.80278,118.69861,PH
2602,Zhanghekou,City,,40.767544,114.886335,CN
4688,Kukurečani,City,,41.0914367,21.3367578,MK
4117,Sharm el-Sheikh,City,,27.9158175,34.3299505,EG
4679,Abuja,City,,9.0764785,7.398574,NG
4996,Buang,City,,13.3023013,123.6374208,PH
4691,Lovisa,City,,60.4627094,26.2192689,FI
949,Ticaco,City,,-15.9254,-69.3354,PE
3829,Sacanche,City,,-7.081475,-76.702454,PE
58,Bremen,City,Bremen,53.132048,8.7398289,DE
4363,Macarse,City,,15.42495,120.77476,PH
4613,Shensuo,City,,24.945573,114.030161,CN
4078,Prachamtakham,City,,14.0644874,101.5156074,TH
3529,Nicolas Bravo,City,Guerrero,19.453837,-99.1227878,MX
1399,Muxagata,City,Guarda,41.0378199,-7.1696011,PT
4644,Bābolsar,City,,36.7048972,52.6546785,IR
951,Muncar,City,,-8.4480167,114.3103718,ID
3361,Kuryłówka,City,,50.3068281,22.5169584,PL
1758,Zhongluotan,City,,23.385158,113.404729,CN
284,Ölgiy,City,,48.9706758,89.9678382,MN
2188,Ashley,City,England,51.4139633,-2.2685462,GB
1224,Armash,City,,39.76624,44.8087498,AM
4903,Jhumra,City,,31.5655844,73.170416,PK
2891,Cupira,City,,-8.5769332,-35.9369952,BR
674,Dalinhe,City,,39.562646,113.369956,CN
4375,Elbasan,City,,41.11023,20.0866554,AL
3053,Matsutō,City,,35.2495378,136.8995543,JP
1249,Uście Gorlickie,City,,49.5177049,21.1767387,PL
3613,Fréjus,City,Provence-Alpes-Côte d'Azur,43.4320181,6.7329389,FR
4569,San Vicente,City,,-34.4349435,-71.0913748,CL
3091,Zvezdara,City,,44.7767137,20.5324028,RS
1133,Notranje Gorice,City,,45.9865292,14.3999988,SI
3976,Rokiciny,City,,51.6710832,19.8078532,PL
2534,Boto,City,,-7.6155876,110.7167165,ID
2438,Talun,City,,-8.0941273,112.274168,ID
1536,Dingbu,City,,31.284181,119.160586,CN
4262,Xiaoshanzi,City,,44.906512,127.60654,CN
4904,Guaiúba,City,,-4.1164768,-38.6949149,BR
87,Shāhdādkot,City,,27.9972231,67.9616412,PK
655,Yuqian,City,,30.652181,104.00155,CN
3899,Voronkov,City,,50.2227764,30.903976,UA
684,Gaoling,City,,34.534829,109.088297,CN
3195,Bahe,City,,32.809026,110.112629,CN
3763,Jastrzębia,City,,51.5047917,21.2618048,PL
3799,Velké Losiny,City,,50.03197,17.0405873,CZ
3119,São Bento,City,Braga,41.707342,-8.3509957,PT
1188,Sagua de Tánamo,City,,20.5800358,-75.2435307,CU
742,Horton,City,England,51.5598572,-2.3523889,GB
2421,Himeville,City,,-29.7108776,29.5078015,ZA
1248,Līgatne,City,,57.2363399,25.0380728,LV
12,Colonia Minga Porá,City,,-24.8763773,-54.9322782,PY
1208,Linton,City,England,54.0542238,-2.0215836,GB
4460,Pantano do Sul,City,,-27.5703548,-48.62059,BR
2064,Timbó,City,,-26.8251371,-49.26952,BR
131,Kommunar,City,,43.79741,131.953488,RU
4915,Podgornaya,City,,44.2006496,43.4273768,RU
2151,Sremčica,City,,44.6757957,20.4004819,RS
1885,Benito Juarez,City,Veracruz Llave,22.2016816,-97.8367954,MX
4688,Palmital,City,,-22.787936,-50.2199938,BR
646,Kuźnia Raciborska,City,,50.20009,18.31153,PL
2398,Magalalag,City,,17.5736896,121.7366394,PH
1740,Manay,City,,13.559532,123.2715608,PH
4127,Apaga,City,,40.9158143,45.0782615,AM
3792,Kaum,City,,-6.9517959,107.4561832,ID
3340,Xiaoyangqi,City,,50.795058,124.291125,CN
1775,Habo,City,Jönköping,57.9084788,14.0698012,SE
2556,Waiwukak,City,,-8.4071,123.0649,ID
3706,Al Ḩusayn,City,,13.783333,44.783333,YE
2784,Akune,City,,31.9500532,130.2373477,JP
24,Gložan,City,,45.2821109,19.5712204,RS
1148,Oguta,City,,5.7055314,6.8083063,NG
2513,Boka,City,,45.3293893,20.8278865,RS
2554,Jinhe,City,,26.695419,101.841707,CN
3172,Daga,City,,27.0970034,89.8738987,BT
501,Pidhaytsi,City,,49.2744124,25.1313297,UA
3888,Qaţanah,City,,31.83366,35.11894,PS
4382,Unecha,City,,52.8436256,32.6840185,RU
718,Bantul,City,,-7.8748176,110.3255365,ID
3150,Haguenau,City,Alsace,48.8134287,7.7825969,FR
2694,Sigaboy,City,,6.6560144,126.0755806,PH
4196,Konispol,City,,39.6611469,20.1789757,AL
1468,Jakhaly,City,,13.5460383,-14.9717426,GM
4672,Watulimo,City,,-8.2702492,111.7018452,ID
3628,Chitungwiza,City,,-18.0197815,31.067907,ZW
2027,Arnhem,City,Provincie Gelderland,51.9701203,5.9409472,NL
32,Wilcza,City,,50.188406,18.598769,PL
3517,General Conesa,City,,-34.6504677,-58.5613439,AR
3950,Junshan,City,,31.385597,120.980736,CN
685,Zhitang,City,,26.938792,113.861611,CN
1744,Sandy Bay,City,,18.4484094,-78.0751774,JM
125,Xin’an,City,,34.728584,112.132488,CN
4927,Dupi,City,,40.1465349,117.1112743,CN
1082,Malawag,City,,13.3678344,123.3081877,PH
2751,Aracruz,City,,-19.8205316,-40.2768213,BR
1868,Long Layu,City,,3.61023,115.69993,ID
1167,Buchanan,City,,5.887247,-10.0303723,LR
2782,Zhaiwu,City,,22.615932,112.634486,CN
3764,Peñaflor,City,,-33.6060255,-70.8781837,CL
1057,Tuanjie,City,,25.456453,103.240546,CN
3695,Hongshan,City,,22.517585,113.39277,CN
24,Al Aḩmadī,City,,29.0853759,48.0654706,KW
4007,Kosmach,City,,48.3343908,24.8195808,UA
4928,Nieying,City,,39.128502,113.139828,CN
1455,Camargo,City,,-20.6405825,-65.2070534,BO
1950,El Perico,City,,13.1267875,-87.0361917,HN
78,Guxi,City,,39.909969,116.459299,CN
3389,Sanxi,City,,37.2425649,111.8568586,CN
990,Winston Salem,City,North Carolina,36.0978298,-80.2438321,US
800,Itamarandiba,City,,-17.857298,-42.8583915,BR
3498,South Bend,City,Indiana,41.6919638,-86.3754398,US
2571,Riang Tengah,City,,-5.7301845,105.6837789,ID
4233,Oka,City,Québec,45.4651444,-74.0798679,CA
2201,Caacupé,City,,-25.3810275,-57.1577041,PY
2990,San Juan,City,,14.565668,121.0317737,PH
1248,Pryazovs’ke,City,,46.7389292,35.6383177,UA
4576,Encontrados,City,,9.0578504,-72.233418,VE
3553,Gijon,City,Asturias,43.5162166,-5.664252,ES
2955,Quanyang,City,,23.219932,102.835223,CN
979,Wutan,City,,28.521771,111.746328,CN
4601,Yajiang,City,,30.031533,101.014425,CN
3722,Diyarb Najm,City,,30.7532224,31.442761,EG
834,Náousa,City,,40.6294406,22.0688549,GR
1446,Kuching,City,Sarawak,3.2093353,101.6716295,MY
2782,Sagrada Familia,City,,14.5706006,121.0052221,PH
3552,København,City,Region Hovedstaden,55.6751524,12.5742882,DK
3504,Pokrovskoye-Streshnëvo,City,,55.813247,37.478747,RU
4799,Fkih Ben Salah,City,,32.5009216,-6.6905458,MA
4785,Lovisa,City,,60.4627094,26.2192689,FI
2896,Huangyuan Chengguanzhen,City,,36.691279,101.255892,CN
1397,Radovitskiy,City,,55.1264168,39.7951718,RU
734,Kirovsk,City,,67.6345569,34.1664186,RU
1011,Valsamáta,City,,38.1748383,20.5829927,GR
1304,Caotan,City,,36.1296961,-79.8567326,CN
4526,Jand,City,,33.4206358,72.0017338,PK
1013,Stari Grad,City,,43.1839958,16.5992505,HR
4618,Vale de Rolas,City,Setúbal,38.6125141,-9.0820766,PT
3214,Matsubase,City,,32.6521604,130.675613,JP
3757,Zhangdan,City,,28.125406,120.251605,CN
2526,Cocorná,City,,6.057265,-75.185598,CO
3416,Järvakandi,City,,58.7786849,24.8170215,EE
2398,Jarash,City,,32.2746515,35.8960765,JO
3167,Dana,City,,26.4168857,105.7581834,CN
635,Fushan,City,,23.021478,113.121435,CN
1502,Bordeaux,City,Aquitaine,44.386415,-0.318174,FR
6,Šalovci,City,,46.8235919,16.2881649,SI
747,Las Vegas,City,,14.8753647,-88.0729754,HN
3717,Akune,City,,31.9500532,130.2373477,JP
3895,Honjō,City,,36.2407094,139.1910402,JP
33,Liloan,City,,10.133099,125.182333,PH
2346,Lelystad,City,Provincie Flevoland,52.5077777,5.4757709,NL
3929,Stoney Ground,City,,18.2178068,-63.0471786,AI
3342,Tuohua,City,,31.3400146,118.9478423,CN
4034,Cirangga Kidul,City,,-6.5294,106.1719,ID
3017,Batang,City,,-7.0392183,109.9020509,ID
4201,Pavlogradka,City,,54.2048528,73.5658901,RU
4005,Tongyuanpu,City,,40.796787,123.9253791,CN
1258,Nggambel,City,,-6.4871369,106.8007712,ID
313,Västerås,City,Västmanland,59.6099005,16.5448092,SE
138,Manzil Bū Zalafah,City,,36.6832659,10.5830644,TN
2230,Hayil,City,,27.7076143,41.9196471,SA
4229,Barberena,City,,14.307125,-90.363048,GT
4395,Lowayu,City,,-6.9689802,112.4261662,ID
4121,Gabao,City,,17.2660394,120.4194593,PH
1287,Qitai,City,,44.022066,89.593967,CN
2321,Shangping,City,,22.974898,113.993115,CN
3080,Singgugu,City,,-7.1398,108.3549,ID
3274,Sakaidechō,City,,34.3103535,133.8255351,JP
4158,Tarbagatay,City,,44.3338201,85.6264576,RU
641,Rio das Ostras,City,,-22.4206096,-41.8625084,BR
779,Komarno,City,,49.6287673,23.6955367,UA
2884,Ramón Castilla,City,,-16.3607933,-71.5438952,PE
4546,Fuliang,City,,29.703113,107.389298,CN
4419,Ziroudani,City,,-12.3325,43.7775,KM
1622,Benjamin Constant,City,,-4.5204349,-69.9550338,BR
2472,Maoqitun,City,,44.760391,127.082675,CN
4328,Eixo,City,Aveiro,40.6300635,-8.581189,PT
4779,Krenggan,City,,-8.1659,111.8378,ID
1320,Quanxi,City,,23.7247599,108.8076195,CN
3526,Budapest,City,Budapest,47.5039111,19.0158217,HU
3575,Jam,City,,27.8122083,52.350694,IR
1457,Asahi,City,,38.1162631,140.8585745,JP
3966,Río Tercero,City,,-32.1748082,-64.1108167,AR
1786,Kulia Village,City,,-6.10819,177.33393,TV
508,Kortowo,City,,53.7548612,20.4536838,PL
892,Ayapa,City,,15.1112711,-87.1746957,HN
8,Tinabogan,City,,0.7821696,120.5307881,ID
3002,Hamburg,City,Hamburg,53.5483785,10.078217,DE
2434,Dalsjöfors,City,Västra Götaland,57.7230813,13.1033798,SE
1836,Berlin,City,Berlin,52.5693104,13.3714743,DE
2138,Buliok,City,,7.073684,124.720103,PH
3510,Nowe Brzesko,City,,50.1552166,20.397498,PL
1412,Tô Hạp,City,,11.9913493,108.9383377,VN
4897,Bajo Pichanaqui,City,,-10.9265815,-74.8745545,PE
1851,Chetian,City,,22.5805725,113.8853373,CN
4691,Obama,City,,37.8234119,140.9686224,JP
4315,San Javier,City,,-32.6626805,-58.1295074,UY
4169,Jiangnan,City,,22.781631,108.273158,CN
4839,Touho,City,,-20.7795586,165.2386673,NC
4459,Duanshen,City,,29.50393,117.976899,CN
4256,Trąbki,City,,49.9787123,19.893249,PL
4559,Kerċem,City,,36.038046,14.219377,MT
4562,Qian’an,City,,39.999174,118.701144,CN
4057,Viterbo,City,,5.0605779,-75.872356,CO
156,Xiaojian,City,,44.900941,129.791945,CN
3190,Kushtia,City,,23.8906995,89.1099368,BD
90,Cabuyao,City,,14.2345436,121.0929584,PH
223,Chartres,City,Centre,48.5308416,1.4534246,FR
4108,Malo,City,,-7.116667,111.716667,ID
490,Rameshki,City,,57.6044065,35.9190561,RU
2082,Cigalontang,City,,-7.3059077,107.9768875,ID
2747,Abobo,City,,5.4328871,-4.0388918,CI
431,Bardaï,City,,21.333333,17.016667,TD
906,Vitina,City,,42.3221655,21.3589808,XK
3600,Grati Satu,City,,-7.7016409,112.9827091,ID
1298,Rajadesa,City,,-7.1861216,108.4424414,ID
2992,Pasarnangka,City,,-6.167924,106.8500431,ID
2099,Gowurdak,City,,37.8163881,66.0285106,TM
2220,Lavras da Mangabeira,City,,-6.7821701,-39.0293884,BR
3717,Mixco,City,,14.6377832,-90.5873912,GT
3463,Xinji,City,,37.943121,115.217658,CN
1464,Dumingag,City,,8.157005,123.3464285,PH
1879,Catujal Velho,City,Lisboa,38.8140462,-9.119897,PT
2520,Shucheng Chengguanzhen,City,,31.466526,116.952766,CN
2172,Wulan Haye,City,,41.183785,112.375015,CN
1075,Shamva,City,,-17.3058881,31.5655424,ZW
4167,Holýšov,City,,49.5936213,13.1013031,CZ
1090,Nanfeng,City,,27.218444,116.525725,CN
4661,Karabanovo,City,,56.3072493,38.701054,RU
611,Orzesze,City,,50.0898667,18.7713104,PL
3855,Ndago,City,,-4.6,34.35,TZ
2111,Kurchatov,City,,51.6571864,35.6783297,RU
1456,Challans,City,Pays de la Loire,46.8439197,-1.8718358,FR
3863,Guyam Malaki,City,,14.1526544,120.8612609,PH
603,Lysogorskaya,City,,44.1034877,43.2768364,RU
4355,Razan,City,,35.3913832,49.0337401,IR
500,Yanai,City,,33.9899791,132.1078523,JP
1106,Rubiataba,City,,-15.1662376,-49.8052085,BR
257,Coro,City,,11.394604,-69.6810338,VE
3524,Capela,City,Viana do Castelo,42.103919,-8.2727494,PT
3008,San Diego,City,California,32.903454,-117.2195678,US
744,Hengjie,City,,31.031933,119.659553,CN
988,Geser,City,,-3.8847265,130.897445,ID
106,Chunyang,City,,23.085029,113.294302,CN
3644,Columbus,City,Georgia,32.46,-84.99,US
3923,Boyuibe,City,,-20.4413004,-63.2798225,BO
3893,Chengbei,City,,36.650038,101.766228,CN
4310,Iporá,City,,-16.3846284,-51.2213044,BR
1498,Pasrukrajan Satu,City,,-6.403006,107.454927,ID
1329,Phan Thong,City,,13.4712468,101.0978724,TH
4267,Guérande,City,Pays de la Loire,47.4861398,-1.7442022,FR
4784,Horlivka,City,,48.3071,38.029633,UA
4920,Jīsh,City,,33.021266,35.447949,IL
3895,Marly-le-Roi,City,Île-de-France,48.829733,2.1177361,FR
3940,Bangkok,City,,13.8135951,100.4227992,TH
987,Mingoyo,City,,-10.1053365,39.6182605,TZ
1746,Zaoxi,City,,32.92312,115.805297,CN
1387,Shënmëri,City,,42.1023509,20.2325862,AL
4640,Yeniköy,City,Manisa,38.408587,28.385948,TR
1899,Libacao,City,,11.5012022,122.3115616,PH
1244,Sidomekar,City,,-8.2125477,113.4597505,ID
4115,Aquin,City,,18.2807252,-73.3959201,HT
518,Birao,City,,10.2933091,22.7822485,CF
927,Laizhou,City,,37.177129,119.942275,CN
1998,Garibaldi,City,,-29.2581646,-51.5289168,BR
620,Wichita,City,Kansas,37.8010824,-97.3317391,US
1547,Jamaica,City,New York,40.6998888,-73.8076421,US
329,Puutura,City,,-7.9601828,112.6399996,ID
3683,Sterling,City,Virginia,39.01,-77.43,US
980,Guaçuí,City,,-20.7784132,-41.6847632,BR
527,Ozëry,City,,54.8539133,38.5734956,RU
2170,Shijing,City,,24.625561,118.431541,CN
979,Ýdra,City,,37.3287894,23.4716567,GR
3858,Yonggu,City,,35.72154,111.350842,CN
2294,Caratinga,City,,-19.7864376,-42.1365821,BR
3060,Kiili,City,,59.280324,24.8456895,EE
4486,Huangshan,City,,30.113962,118.169798,CN
4367,Yangjia,City,,39.9368237,116.4442945,CN
2834,Tayzhina,City,,53.6897587,87.4315706,RU
3712,Okuta,City,,9.2228301,3.2005641,NG
4514,Alingsås,City,Västra Götaland,57.9423223,12.5710873,SE
1146,Jia’an,City,,36.696955,116.911044,CN
1332,East London,City,,-32.9549324,27.9319131,ZA
2750,Álli Meriá,City,,39.3704516,22.9827384,GR
1437,Gombe,City,,0.4864487,32.4764443,UG
2881,Mīzan Teferī,City,,6.9936468,35.5821994,ET
2607,Hisings Kärra,City,Västra Götaland,57.8001246,11.9841764,SE
4429,Bouca,City,,6.5060695,18.2763069,CF
4764,Ash Shāmīyah,City,,29.3508986,47.9688359,KW
4784,Gangdong,City,,29.39441,113.016085,CN
1895,Pang,City,,14.3870657,120.9396932,PH
1412,Jiuxian,City,,25.130594,109.768451,CN
836,Kuala Lumpur,City,Kuala Lumpur,3.1523104,101.7178316,MY
900,Ksour Essaf,City,,35.4175712,10.997658,TN
490,Zangbawa,City,,34.87725,103.8617,CN
4912,Songfeng,City,,28.362805,118.400294,CN
3259,Anabar,City,,-0.5133517,166.9484624,NR
1604,Sung Noen,City,,14.8704596,101.8322677,TH
3825,Sydney,City,New South Wales,-27.9424308,153.3970962,AU
4557,Ejigbo,City,,7.9045188,4.3051542,NG
4921,Лабуништа,City,,41.2687996,20.5931318,MK
3001,Omboué,City,,-1.575187,9.2591571,GA
211,East End,City,,19.2996147,-81.1099536,KY
2120,Imeni Zhelyabova,City,,58.955833,36.5925,RU
42,Sunja,City,,45.3686282,16.5670285,HR
2725,Novyy Svit,City,,44.829819,34.915084,UA
1450,Amarillo,City,Texas,35.6648088,-101.8036596,US
4153,Březová nad Svitavou,City,,49.6542555,16.5117461,CZ
4524,Dapdapan,City,,15.1858624,120.5896151,PH
4865,Jiekeng,City,,28.441557,120.41341,CN
4047,Kodamachō-kodamaminami,City,,36.1812392,139.1311901,JP
304,Mercedes,City,,9.834321,-84.3368699,CR
2158,Barueri,City,,-23.5113691,-46.872942,BR
4814,Parada de Todeia,City,Porto,41.167279,-8.3704583,PT
4609,Firavitoba,City,,5.668899,-72.994095,CO
4110,Ngozi,City,,-2.9083521,29.8265492,BI
2015,Saltpond,City,,5.2023106,-1.0514312,GH
367,Srbinovo,City,,41.7156359,20.9777418,MK
3739,Yixi,City,,23.692546,116.655206,CN
4568,Vällingby,City,Stockholm,59.3729008,17.8567134,SE
2240,Arroio Grande,City,,-32.2331548,-53.0866941,BR
3999,Kamenný Přívoz,City,,49.8618582,14.509899,CZ
4165,Chrzanów,City,,50.404585,20.9948039,PL
16,Āsbe Teferī,City,,9.0795272,40.8652187,ET
3825,Belogorskīy,City,,49.4753404,83.142888,KZ
3452,Kangalassy,City,,62.34824,129.96471,RU
4018,Zhubei,City,,24.8287095,121.0169462,TW
241,Kumagaya,City,,36.1364291,139.3741999,JP
3764,Tlatah,City,,-7.2120117,111.692902,ID
3247,Shuanghe,City,,44.840524,82.353656,CN
1032,Benoni,City,,-26.113239,28.3505779,ZA
1750,Chashan,City,,23.076233,113.86913,CN
3968,Pirava,City,,41.32042,22.53047,MK
86,Pohbango,City,,-6.6425,111.0625,ID
4761,Currais Novos,City,,-6.238218,-36.4797126,BR
1851,Lahuaytambo,City,,-13.2583689,-72.2642679,PE
3703,Mosina,City,,52.2454069,16.8470545,PL
2919,Liancheng,City,,25.710538,116.754472,CN
282,Xiaopu,City,,26.885704,120.005147,CN
2125,Saguday,City,,16.5409974,121.563879,PH
317,Moita da Roda,City,Leiria,39.8329746,-8.7978131,PT
1196,Mhamid,City,,29.8257743,-5.7234007,MA
2280,Putun,City,,-9.8691816,124.6662951,ID
4487,Mulawato,City,,-8.3257,123.1505,ID
4172,Lesnoy,City,,46.0675028,44.4160763,RU
797,Anin,City,,-9.8374219,124.5915966,ID
2370,Kauditan,City,,1.3887283,125.0167866,ID
3650,San Juan,City,Pr,18.4,-66.05,PR
4349,Santiago de los Caballeros,City,,19.4771559,-70.6636064,DO
1895,Dayou,City,,26.141854,116.188408,CN
3291,Urasqui,City,,-16.025181,-73.170822,PE
3288,Taiping,City,Perak,5.0436537,100.7210593,MY
2461,Campo Belo,City,,-20.8938356,-45.2721363,BR
1975,Linköping,City,Östergötland,58.3234233,15.602105,SE
2400,Yanglin,City,,27.955261,112.497228,CN
1143,Kuala Lumpur,City,Kuala Lumpur,3.1523104,101.7178316,MY
1924,Nantian,City,,22.556499,114.236875,CN
1089,Naranjito,City,,-2.176347,-79.4366324,EC
3026,Coromandel,City,,-18.4785912,-47.1978694,BR
4099,Sahatsakhan,City,,16.720024,103.5668302,TH
4105,Nyzhnya Krynka,City,,48.1173081,38.1648822,UA
2515,Timiryazevskoye,City,,56.4815673,84.8815961,RU
766,Changtian,City,,34.5750415,105.7751383,CN
2721,Kodinsk,City,,58.4789614,99.1018946,RU
4763,Jiujie,City,,39.952319,119.598195,CN
836,Bronnitsy,City,,55.4055305,38.2447393,RU
1455,San Antonio,City,Hidalgo,19.3851705,-99.1837453,MX
2094,Guaynabo,City,Pr,18.3822991,-66.1221928,PR
4770,Xingpinglu,City,,34.29922,108.490475,CN
2038,Postoloprty,City,,50.3611702,13.7024033,CZ
2444,Tiznit,City,,29.693392,-9.732157,MA
2494,Waihi,City,,-37.4146424,175.7871663,NZ
4412,As Sūq al Jadīd,City,,15.82496,44.06204,YE
3793,Mino,City,,35.0663073,134.1496427,JP
4058,Lions Bay,City,British Columbia,49.45218,-123.2376,CA
520,Novi Bilokorovychi,City,,51.1134675,28.0490173,UA
3157,Hongyanxi,City,,28.71321,109.496611,CN
964,Tangjian,City,,34.124484,119.007287,CN
4697,Lianshi,City,,30.706999,120.421784,CN
656,Xiying,City,,31.340637,119.823308,CN
3979,San Juan Nepomuceno,City,,9.95114,-75.083828,CO
2004,Grekan,City,,40.9279942,19.9481973,AL
4262,Šabac,City,,44.7488612,19.6907882,RS
89,Vilarelho,City,Viana do Castelo,41.860976,-8.8225193,PT
357,Oenaik,City,,-9.5701,124.3556,ID
4553,Spanish Town,City,,18.0193171,-76.9758274,JM
701,Cikandang,City,,-7.382645,107.7458559,ID
1547,Hualfín,City,,-34.7318914,-58.6341359,AR
4023,Aomori Shi,City,,33.5449468,131.4194175,JP
4840,Lebak,City,,-6.5643956,106.2522143,ID
2305,Zhangzhu,City,,34.746611,113.625328,CN
4599,Kolobovo,City,,56.7034937,41.3503153,RU
2432,Västervik,City,Kalmar,57.7662174,16.5983762,SE
2914,Karmai,City,,29.131627,89.498216,CN
828,Laoliangcang,City,,28.065524,112.217855,CN
4950,Horki,City,,54.2825201,30.990449,BY
704,Dubréka,City,,9.7907348,-13.5147735,GN
1981,Bilar,City,,9.7044463,124.1041803,PH
708,Aso,City,,35.9889377,140.4806732,JP
4609,Phrae,City,,18.0435607,100.1031202,TH
2995,Akim Oda,City,,5.9295558,-0.9725085,GH
1412,Cipinang,City,,-6.2074293,106.8915948,ID
2558,Saint Petersburg,City,,60.0456385,30.3403569,RU
581,Suka Makmue,City,,4.1772002,96.3119743,ID
1355,Hepingyizu,City,,29.24693,103.08249,CN
2489,Haixing,City,,38.143169,117.497651,CN
2191,Shanhou,City,,23.354091,116.681972,CN
4277,Nan’an,City,,24.960385,118.386279,CN
4771,Nyuksenitsa,City,,60.4136423,44.2412709,RU
305,Pondoktelo,City,,-8.1054,113.2827,ID
641,Lucerna,City,,14.5602233,-88.9389921,HN
2355,Coasa,City,,-13.9871132,-70.0168186,PE
2281,Lansing,City,Michigan,42.7376689,-84.5169757,US
3286,Jishui,City,,27.229632,115.135507,CN
2847,Prince Edward,City,Ontario,46.6202927,-64.386599,CA
3161,Aroroy,City,,12.5050457,123.4144449,PH
4915,Daleman,City,,-7.7276103,110.8582722,ID
4938,San Pedro Masahuat,City,,13.5432995,-89.038242,SV
3096,Shuguang,City,,31.186433,121.591843,CN
3841,Longshan,City,,42.901533,125.136451,CN
4185,Montgomery,City,Alabama,32.2299999,-86.19,US
2497,Liwan,City,,17.4792157,121.6180515,PH
1828,Nishinoomote,City,,30.7366196,130.9913218,JP
2858,Hāsilpur,City,,29.530502,72.1485713,PK
4729,Baozi,City,,30.131784,120.056029,CN
3231,Zhoukou,City,,33.626149,114.69695,CN
2927,Datar,City,,-0.4797043,100.5746224,ID
4497,Seabra,City,,-12.5444681,-41.8402054,BR
1639,Acacías,City,,3.991663,-73.766129,CO
3230,Gorno-Altaysk,City,,51.9700801,85.841294,RU
3830,Liuji,City,,32.460037,112.228897,CN
2620,Robertsport,City,,6.7509063,-11.367219,LR
3491,Balaka,City,,-14.9876054,34.9561748,MW
2647,Thionville,City,Lorraine,49.333258,6.15176,FR
4813,Bánica,City,,19.0807684,-71.6986206,DO
709,Kamieniec Wrocławski,City,,51.0768184,17.1762909,PL
1023,Богданци,City,,41.2033027,22.5760759,MK
1361,Vestmannaeyjar,City,,63.4251286,-20.2689171,IS
1136,Phichit,City,,16.4306671,100.1255164,TH
4271,Guanqiao,City,,24.914102,118.604038,CN
2870,Perpignan,City,Languedoc-Roussillon,43.6943099,2.0376775,FR
1507,Santo Aleixo,City,Portalegre,38.9200512,-7.4195818,PT
35,Horní Bečva,City,,49.4308079,18.3267612,CZ
2134,Kalasin,City,,16.438508,103.5060994,TH
1323,Santa Cruz,City,,14.9817467,-87.8893383,HN
3723,Qarqaraly,City,,49.4129509,75.4772753,KZ
3134,Wonorejo,City,,-7.305958,112.8135304,ID
897,San Juan,City,,14.565668,121.0317737,PH
3267,Volochys’k,City,,49.5345161,26.2093072,UA
3587,Xichang,City,,27.894504,102.264449,CN
36,Lianghe,City,,24.804232,98.296657,CN
4409,Baimaqiao,City,,26.0536124,119.2989496,CN
1446,Roanne,City,Rhône-Alpes,45.161017,1.663862,FR
4972,Hebei,City,,37.8956594,114.9042208,CN
541,Lantian,City,,34.151624,109.323479,CN
3754,Darhan,City,,49.4648434,105.9745919,MN
124,Rokoy,City,,-6.192143,106.8209006,ID
3918,Podol’sk,City,,55.430827,37.542155,RU
3280,Suita,City,,37.730256,139.0660748,JP
2810,Pulaupinang,City,,-3.112524,115.0406679,ID
4201,Thị Trấn Hùng Quốc,City,,22.8533627,106.3287199,VN
3247,Huaikan,City,,33.551052,119.113185,CN
3606,Valle de Ángeles,City,,14.160407,-87.0399404,HN
3512,Jiazi,City,,22.879493,116.061522,CN
178,Haiyangsuo,City,,36.813372,121.620148,CN
2786,Río Ceballos,City,,-31.7436794,-65.0052144,AR
2930,Murganhal,City,Lisboa,38.7122242,-9.2688282,PT
717,Nowa Ruda,City,,50.5774075,16.4967184,PL
3490,Yinghua,City,,39.9727653,116.4284919,CN
2154,Kang-neung,City,,37.751853,128.8760574,KR
1794,Santa Maria,City,Yucatan,25.5822549,-100.9086492,MX
4009,Dhangarhi,City,,28.685244,80.621591,NP
2504,Quiñota,City,,-14.31779,-72.149719,PE
4618,Gorna Oryakhovitsa,City,,41.9250632,25.5508839,BG
3481,Jianxin,City,,39.761892,116.420331,CN
3724,Azul,City,,-34.7796334,-58.6040349,AR
1540,Dongchengyuan,City,,33.92692,116.475691,CN
4490,Ludvika,City,Dalarna,60.1387829,14.3822323,SE
469,Sukasenang,City,,-7.4111208,108.1221146,ID
714,Mlimba,City,,-8.7824511,35.8089055,TZ
2888,Saint-Quentin-en-Yvelines,City,Île-de-France,48.799627,2.1415644,FR
290,Suodenniemi,City,,61.5597487,22.7786925,FI
272,Uthai,City,,14.3618606,100.6685901,TH
2707,Thị Trấn Yên Thịnh,City,,18.178456,105.7028457,VN
2423,Kesamben,City,,-8.1500032,112.3695412,ID
3052,Ustupo,City,,9.1324305,-77.9267437,PA
644,Vanáton,City,,37.79446,20.85188,GR
714,Zarszyn,City,,49.5792067,21.9487589,PL
3157,Zhongfang,City,,27.440523,109.946012,CN
2359,Pampas,City,,-12.3992902,-74.8659421,PE
2882,San Jose Village,City,,14.9699796,145.6412079,MP
3190,Orivesi,City,,61.9095031,24.5263263,FI
1432,Neochórion,City,,38.7,21.466667,GR
2878,Long’an Chengxiangzhen,City,,23.17446,107.69503,CN
4891,Genet,City,,34.0567271,-118.364791,ET
2374,Kapchorwa,City,,1.3350205,34.3976356,UG
270,Slobodnica,City,,45.1616228,17.9293975,HR
243,Toulouse,City,Midi-Pyrénées,43.609798,1.495596,FR
409,Palma De Mallorca,City,Baleares,39.609109,2.6362975,ES
578,Lyubotyn,City,,49.9511113,35.9407539,UA
712,Pereira,City,Porto,41.3349436,-6.9646803,PT
3466,Dokri,City,,27.3675011,68.1006359,PK
3012,Tyoply Stan,City,,55.6042276,37.4919828,RU
4922,Huangchi,City,,36.275231,113.310158,CN
4665,Nandong,City,,38.102348,114.772912,CN
4583,Shardara,City,,41.6183527,67.1894488,KZ
2500,El Fureidīs,City,,32.597351,34.951899,IL
1124,Washington,City,District of Columbia,38.9003669,-77.0351137,US
4075,Melekeok Village,City,,7.4951158,134.6336896,PW
3264,Borucin,City,,50.0144436,18.2125197,PL
3848,Cheyenne,City,Wyoming,41.1399814,-104.8202462,US
49,Ngulahan,City,,-6.7659245,111.5259628,ID
1234,Tungol,City,,15.2884878,120.5714361,PH
266,Anlu,City,,31.25561,113.688941,CN
4836,Pagnag,City,,32.265208,91.677053,CN
3768,Ulluaya,City,,42.3728288,47.3773853,RU
690,Metsemotlhaba,City,,-24.5551012,25.8107681,BW
3902,Lālmohan,City,,23.7122313,90.4147954,BD
779,Jalupang Dua,City,,-7.0572973,107.5365647,ID
3397,Tsagaan-Ovoo,City,,48.5686975,113.2344326,MN
870,Krylovskaya,City,,46.1168407,39.3008199,RU
1471,San Juan de la Maguana,City,,18.8107813,-71.2227043,DO
4024,Bairro de Santo António,City,Lisboa,38.7233591,-9.4052043,PT
3172,Shāhzādpur,City,,24.1933092,89.573856,BD
4991,Cijoho,City,,-6.971971,108.4943751,ID
2002,Tandzut,City,,40.0678351,44.0788197,AM
4181,La Mesa,City,,4.632147,-74.463014,CO
1722,Lashma,City,,54.9272788,41.1402811,RU
3942,Qiagai,City,,34.839635,103.467868,CN
1277,Pirané,City,,-25.7333842,-59.1078529,AR
4087,Bárrio,City,Braga,41.632769,-8.3119724,PT
4881,Narsingdi,City,,24.134378,90.7860057,BD
2101,Cambebba,City,,-3.8017999,-38.4809114,BR
703,Wąsosz,City,,51.5623852,16.69165,PL
2078,Segezha,City,,63.7388395,34.3097519,RU
3597,Lamía,City,,38.8959734,22.4349003,GR
1735,Bual,City,,7.18016,124.498942,PH
1479,Pulau Pinang,City,Pulau Pinang,5.3523231,100.3573891,MY
4859,Paços de Ferreira,City,Porto,41.286107,-8.3802434,PT
3920,Douz,City,,33.4614354,9.0294708,TN
1834,Pahārpur,City,,32.0777617,71.0179089,PK
694,Ciechanowiec,City,,52.6782617,22.4981661,PL
2375,Póvoa do Valado,City,Aveiro,40.5761474,-8.5858661,PT
1489,K Bang,City,,14.3348056,108.4750846,VN
1705,Mölnlycke,City,Västra Götaland,57.6581553,12.1171659,SE
2052,Keyi,City,,31.2266233,121.4618377,CN
4293,Maras,City,,-13.3346641,-72.1579033,PE
3189,Lampa,City,,-15.3612378,-70.3628516,PE
3763,Dahe,City,,38.135288,114.397004,CN
4322,Naushki,City,,50.3901526,106.1051454,RU
3119,Bagroy,City,,10.5333328,122.8333359,PH
3237,Puncakmanis,City,,-6.81146,106.92569,ID
3310,Kongjiafang,City,,30.83537,115.636717,CN
831,Chironkamba,City,,-12.1943138,44.3514414,KM
4180,Ikedachō,City,,33.9419512,133.7812773,JP
3453,Tianzhu,City,,26.909678,109.207757,CN
4647,Pallasovka,City,,50.0429768,46.8886722,RU
1312,Kamionka,City,,51.4464511,22.4628464,PL
2154,Providence,City,Rhode Island,41.8265437,-71.4013635,US
787,Pohonsirih,City,,-8.3351552,122.9768634,ID
938,Paraguarí,City,,-25.6262174,-57.1520642,PY
1156,Pasvalys,City,,56.057734,24.4027094,LT
4121,Chimen,City,,26.05547,119.239406,CN
1918,Dieppe,City,Haute-Normandie,49.8683919,1.1433823,FR
1396,Montor Timur,City,,-6.4041582,105.8730678,ID
4231,Kanie,City,,35.0695474,136.7835269,JP
2997,Xinglong,City,,40.417358,117.500558,CN
3415,Valtimo,City,,60.335657,25.0597867,FI
4589,Voorburg,City,Provincie Zuid-Holland,52.0726169,4.3505874,NL
2237,Anding,City,,35.580629,104.610668,CN
2536,Luleå,City,Norrbotten,65.5966234,22.118526,SE
4575,Korkino,City,,54.8681775,61.4273838,RU
356,Sukorambi,City,,-8.1189113,113.6621236,ID
3628,Balung,City,,-8.2637032,113.5371368,ID
536,Halong,City,,-2.2527615,115.7101789,ID
266,Ban Phai,City,,16.1169002,102.7020218,TH
1254,Fentange,City,,49.5670697,6.1544928,LU
360,Nampula,City,,-15.1266347,39.2687161,MZ
1064,Niš,City,,43.3209022,21.8957589,RS
4008,Eslöv,City,Skåne,55.8465109,13.4095386,SE
3932,Prévost,City,Québec,45.86678,-74.08251,CA
3605,Nalinggou,City,,40.99849,111.1617,CN
3971,Chã,City,Santarém,39.7654612,-8.6206402,PT
1105,Lagoa de Albufeira,City,Setúbal,38.5100219,-9.1705519,PT
294,Kenyau,City,,-1.4580748,114.4108587,ID
3516,Mýki,City,,41.2614535,24.9516869,GR
4766,Hội An,City,,15.8800584,108.3380469,VN
4096,Sipoholon,City,,2.0610237,98.9024603,ID
865,Géfyra,City,,40.7325414,22.6920826,GR
266,Kungsbacka,City,Halland,57.5275396,12.0592344,SE
3185,Salta,City,,-24.7869452,-65.4128686,AR
1986,Mayisad,City,,19.1765583,-72.1386513,HT
4921,Gamawa,City,,12.1359226,10.5380494,NG
3661,Khulm,City,,36.7027082,67.7079491,AF
1482,Crépy-en-Valois,City,Picardie,49.2337681,2.8874923,FR
1170,At Tawāhī,City,,12.7871909,44.9836775,YE
3455,Jiuzihe,City,,31.138558,115.67779,CN
456,Zbůch,City,,49.6782112,13.2227563,CZ
532,Varser,City,,40.5529581,44.9105417,AM
3216,Nikísiani,City,,40.9492064,24.142372,GR
4353,Challhuahuacho,City,,-14.1187849,-72.2475967,PE
1120,Karangori,City,,-6.9318,111.2882,ID
4227,Santa Cruz,City,,13.0748879,120.7213113,PH
3101,Lesnyye Polyany,City,,51.247228,58.498546,RU
737,Baru,City,,-2.8534379,108.2941031,ID
2709,Taouloukoult,City,,31.2219543,-9.0736964,MA
4203,Falkenberg,City,Halland,56.9096602,12.4888867,SE
4793,Kandang Timur,City,,-2.389643,112.907402,ID
1314,Margita,City,,45.2224944,21.1806058,RS
2431,Sanjiang,City,,25.783198,109.607675,CN
2170,Rudniki,City,,51.035673,18.5985286,PL
1779,Arranhó,City,Lisboa,38.9550335,-9.1331143,PT
1629,Mikhaylovka,City,,55.9835962,37.1465904,RU
2601,Santaluz,City,,-11.2049412,-39.4035876,BR
3768,Canta,City,,-11.4691392,-76.6232202,PE
70,Tumba,City,Stockholm,59.207544,17.8277745,SE
1011,Cali,City,,3.4851908,-76.5112471,CO
2112,Calango,City,,-12.52614,-76.5452105,PE
3706,Évreux,City,Haute-Normandie,49.0261841,1.1518478,FR
3300,Shijie,City,,23.09964,113.8131,CN
477,Pokotylivka,City,,49.9166765,36.1763412,UA
3701,Lamalewo,City,,-8.5697306,123.3991028,ID
337,Shijiao,City,,23.259479,113.824887,CN
159,Tempe,City,Arizona,33.3363836,-111.9343636,US
2891,Ipauçu,City,,-23.0552782,-49.623678,BR
1322,Bambanglipuro,City,,-7.9481229,110.3130087,ID
1171,Phetchaburi,City,,13.0553578,99.8348146,TH
1739,Saryg-Sep,City,,51.490097,95.552472,RU
4890,Aleshtar,City,,33.8639888,48.2642387,IR
3908,Samanco,City,,-9.2899075,-78.4524591,PE
912,‘Alāqahdārī Gēlān,City,,32.72692,67.63696,AF
2956,Mbinga,City,,-10.9427774,34.983731,TZ
1152,Naperville,City,Illinois,41.7748554,-88.1480775,US
4967,Cibitung,City,,-6.2335134,107.1071,ID
426,Malabago,City,,15.9754252,120.3554727,PH
2158,Wudui,City,,34.292397,119.707591,CN
1745,Pukou,City,,32.059093,118.627894,CN
3419,Mandeni,City,,-29.2199286,31.504882,ZA
4573,Port Antonio,City,,18.1712764,-76.4476321,JM
1559,Nahura,City,,-6.2291489,106.8548083,ID
102,Sanjiazi,City,,37.1893492,119.9569362,CN
4293,Tân Châu,City,,10.8026827,105.1960795,VN
4063,Dayton,City,Ohio,39.7434917,-84.0854432,US
2215,Urechcha,City,,52.9520735,27.8819494,BY
3092,Padang,City,,-0.9470832,100.417181,ID
2167,Miguel Hidalgo,City,Distrito Federal,19.2843786,-99.1894389,MX
3036,Tonggakjati,City,,-6.2404416,107.281417,ID
2200,Cauayan,City,,9.9411601,122.5691915,PH
2573,Isanlu Itedoijowa,City,,8.26667,5.83333,NG
2144,Xinquansi,City,,27.519549,114.073416,CN
1056,Chang’an,City,,34.158997,108.906994,CN
3037,Hongwei,City,,41.217649,123.1966721,CN
961,Huskvarna,City,Jönköping,57.7761739,14.2587374,SE
4787,Kadukaung,City,,-6.2468515,106.105204,ID
1694,Chayek,City,,41.9339521,74.5404694,KG
1384,Marhanets’,City,,47.6489237,34.6105197,UA
326,Zhongling,City,,28.435584,116.483259,CN
4160,Serdobsk,City,,52.4594585,44.1998095,RU
2827,San Bernardo,City,,17.361305,121.879282,PH
1940,Irirum,City,,14.8431264,120.8685583,PH
3984,Pulilan,City,,14.9024411,120.8537936,PH
3719,Pueblo Nuevo,City,,8.4009121,-75.2712393,CO
1536,Yanqi,City,,42.059759,86.574067,CN
2824,Dasiping,City,,41.318142,124.719659,CN
4218,Berlin,City,Berlin,52.4609077,13.4815474,DE
3142,Mozhaysk,City,,55.499438,36.044913,RU
519,Tungelsta,City,Stockholm,59.0876483,18.033468,SE
4997,Mikuni,City,,36.7904088,138.7920847,JP
1354,Starobin,City,,52.7312889,27.4572059,BY
3980,Ḩabīl al Jabr,City,,13.60422,44.98578,YE
1679,Rimba Sekampung,City,,1.6737761,101.4367539,ID
1547,Bella Vista,City,,18.4530602,-69.9474964,DO
3673,Gulyantsi,City,,43.5370504,24.7458579,BG
4364,San Miguel de Cauri,City,,-10.10712,-76.601273,PE
2698,Banjarejo,City,,-7.0431437,111.3679689,ID
1862,Brikcha,City,,34.9645166,-5.5663222,MA
1822,Quinta do Sobrado,City,Leiria,39.6454395,-8.8259105,PT
1301,Banjar Kampungbugis,City,,0.5299444,123.063975,ID
4738,Tarumizu,City,,32.8924632,130.6828947,JP
3753,Uruçuca,City,,-14.5154982,-39.299866,BR
3234,Kuštilj,City,,45.0545731,21.3401422,RS
850,Douala,City,,4.0510564,9.7678687,CM
3939,Stavanger,City,Rogaland,58.9670963,5.7318798,NO
1702,Sinarwangi,City,,-6.663164,106.7289847,ID
3871,Ivanivka,City,,46.9755236,30.469358,UA
2657,Nasielsk,City,,52.735825,20.7121262,PL
322,Kalapadua,City,,-7.003771,108.2257659,ID
3995,Cape Coast,City,,5.13151,-1.2794744,GH
2891,Andongrejo,City,,-8.4412858,113.7870822,ID
112,Moppo,City,,34.8118351,126.3921664,KR
3165,Buchach,City,,49.064831,25.3817159,UA
88,Labuan,City,Labuan,6.3802946,116.4246476,MY
775,Canton,City,Ohio,40.7886028,-81.4251512,US
3129,Bangbayang,City,,-6.8734228,107.074614,ID
4706,Punta Gorda,City,,16.098935,-88.8094906,BZ
1984,Fort Lauderdale,City,Florida,26.11,-80.3,US
3092,Troparëvo,City,,55.6558059,37.4793238,RU
3662,Wenshao,City,,27.993828,120.699361,CN
350,Jishan,City,,35.604025,110.983333,CN
2920,Vitry-sur-Seine,City,Île-de-France,48.792001,2.39851,FR
3482,Choroszcz,City,,53.14292,22.98815,PL
881,Vrakháti,City,,37.9578061,22.8039689,GR
981,Pysznica,City,,50.5740977,22.1623714,PL
4034,Lelekovice,City,,49.2914367,16.5787482,CZ
2400,Longping,City,,27.5566857,107.0336505,CN
4980,Antsohimbondrona,City,,-21.266667,46.983333,MG
3882,Inhambane,City,,-23.8879561,35.3959879,MZ
3185,Leluo,City,,23.918143,108.401654,CN
3047,Chiţcani,City,,47.009324,28.8389611,MD
3593,Konice,City,,48.8312275,16.0250895,CZ
719,Tras Cerros,City,,15.3047612,-88.6639228,HN
3947,Leiden,City,Provincie Zuid-Holland,52.1513886,4.4982869,NL
4573,Jiacun,City,,31.2467156,121.445175,CN
4034,Fenghuanglu,City,,27.948308,109.599191,CN
1902,Haninge,City,Stockholm,59.1743158,18.236243,SE
333,Uchiza,City,,-8.4592507,-76.4619911,PE
2794,Hazlov,City,,50.1611633,12.2816034,CZ
2080,Sakrand,City,,26.1372068,68.2667265,PK
2659,Puerto Quellón,City,,-43.1169327,-73.6138821,CL
383,Lý Sơn,City,,15.383361,109.1107114,VN
620,Melaka,City,Melaka,3.1121428,101.6935065,MY
4455,Nangka,City,,14.6701,121.108226,PH
4616,Umanggudang,City,,-10.0533,120.4839,ID
1159,Bununu Dass,City,,10.0030306,9.508953,NG
3597,Olímpia,City,,-20.7371116,-48.9110606,BR
726,Bellavista,City,Jalisco,19.3972335,-99.1933664,MX
1114,Uścimów Stary,City,,51.4695254,22.9549933,PL
2694,Vetlanda,City,Jönköping,57.42746,15.08533,SE
4982,Río Colorado,City,,-34.6146409,-58.5056396,AR
4451,Bangrat,City,,-7.0405,113.6397,ID
208,Shimanovsk,City,,51.9980805,127.6785226,RU
4015,Nueva Fuerza,City,,9.8240004,124.197998,PH
2627,Novotroitsk,City,,54.3843215,44.8151638,RU
4897,Hongtu,City,,44.181054,129.171996,CN
3247,Candoni,City,,9.8287393,122.6384628,PH
3783,Qufu,City,,35.580996,116.986503,CN
3105,Dongfu,City,,24.565521,117.936238,CN
2264,Chisec,City,,15.809627,-90.290544,GT
2388,Pinghu,City,,30.677233,121.015142,CN
4642,Sanhe,City,,39.982718,117.078294,CN
2739,San Francisco,City,California,37.7813454,-122.497668,US
1752,Wanglu Kulon,City,,-7.0219756,111.7301652,ID
4730,Wanmingang,City,,29.402881,109.927743,CN
3199,Minien East,City,,15.9769657,120.4674034,PH
1406,Zgornje Gorje,City,,46.3789875,14.0683139,SI
1723,Uenohara,City,,38.5731807,140.7867576,JP
3557,Jiazi,City,,22.879493,116.061522,CN
2261,Xinglong,City,,40.417358,117.500558,CN
4719,Charleville-Mézières,City,Champagne-Ardenne,49.7720225,4.7201792,FR
3935,Shuangyang,City,,43.525311,125.664662,CN
2312,Hujiaying,City,,26.497669,104.980581,CN
1587,Wincrange,City,,50.0534923,5.9177071,LU
2546,Cantagallo,City,,7.38153,-73.919121,CO
345,Yachimata,City,,35.6619592,140.3178323,JP
1819,Storvik,City,Gävleborg,60.5842246,16.5293196,SE
2153,Āsbe Teferī,City,,9.0795272,40.8652187,ET
4839,Franca,City,,-20.5503886,-47.3951378,BR
2503,Vlachovice,City,,49.5970348,16.041166,CZ
1808,Nangewer,City,,-6.7146375,107.4765594,ID
2759,Mohale’s Hoek,City,,-30.1425917,27.4673845,LS
3883,Banjar Delodrurung,City,,-8.5003,115.0188,ID
4258,Beixin,City,,31.823845,121.507229,CN
3471,Magdeburg,City,Sachsen-Anhalt,52.1557661,11.5721966,DE
3712,Chuangye,City,,38.7418853,117.5352694,CN
2646,Wangji,City,,31.275819,121.499653,CN
4711,Garango,City,,11.8088575,-0.5352356,BF
1839,Lazi,City,,48.0545221,23.623662,UA
1625,Haicheng,City,,40.882377,122.685217,CN
3497,Kot Sultan,City,,30.7664515,70.9293858,PK
1843,Thoeng,City,,19.716697,100.226423,TH
3068,Xialaxiu,City,,32.663268,96.609741,CN
3953,Miass,City,,55.1211323,60.0722304,RU
4470,Krajan,City,,-7.5450262,111.6556388,ID
2102,Nūr,City,,36.5750373,52.026838,IR
872,Vin’kivtsi,City,,49.0390391,27.2251895,UA
3014,Sidaurip,City,,-7.690753,109.2861268,ID
3723,Lengkongsari,City,,-7.3251615,108.230338,ID
765,Shiqiaotou,City,,31.30275,121.389084,CN
3060,Kalān Deh,City,,33.1184269,67.778633,AF
3961,Göteborg,City,Västra Götaland,57.7069317,11.9727803,SE
1231,Skelleftehamn,City,Västerbotten,64.6789618,21.242165,SE
4730,Korsun’-Shevchenkivs’kyy,City,,49.41894,31.25865,UA
2319,Volgograd,City,,48.7078478,44.5139052,RU
4991,Trollhättan,City,Västra Götaland,58.261515,12.2964905,SE
2369,Linköping,City,Östergötland,58.3963779,15.6592291,SE
3865,Gävle,City,Gävleborg,60.6704237,17.1389487,SE
144,Hebi,City,,35.748233,114.297201,CN
4593,Mosrentgen,City,,55.615632,37.4668955,RU
4825,Tomaszów Lubelski,City,,51.386359,21.897405,PL
2668,Huayang,City,,23.614734,115.49047,CN
1726,Dzhubga,City,,44.3264928,38.7015857,RU
3998,Cilaja,City,,-6.2998469,106.0845931,ID
2199,Fatumnasi,City,,-9.594324,124.1754442,ID
2476,Xiadian,City,,35.621965,118.725698,CN
2047,Oslo,City,Oslo,59.9494208,10.9243808,NO
4099,Majur,City,,44.7695326,19.6480341,RS
697,Warren,City,Ohio,41.2420649,-80.8488498,US
1725,Wenfu,City,,26.463923,107.905837,CN
1504,Lecheng,City,,23.35329,112.339444,CN
2239,Castainço,City,Viseu,40.9951643,-7.4476838,PT
4327,Dvorichna,City,,49.854154,37.6740168,UA
769,General Ramírez,City,,-32.8676273,-68.8225775,AR
4983,Tsagaandörvölj,City,,45.79817,109.31826,MN
382,Telengsari,City,,-8.1814,113.6917,ID
3833,Dubiecko,City,,49.8279218,22.3924149,PL
3839,Chantepie,City,Bretagne,48.250574,-1.5029858,FR
3723,Bela Vista,City,,-21.9111483,-56.4719928,BR
3810,Olyka,City,,50.7113724,25.8291867,UA
597,Harstad,City,Troms,68.7986342,16.5414503,NO
4170,Wonopringgo,City,,-6.9947862,109.6341727,ID
2247,Dārchulā,City,,29.8812097,80.7657804,NP
2156,Dolores,City,,-33.5339107,-58.2177722,UY
881,Vittoriosa,City,,35.89222,14.51833,MT
1093,Lipnik,City,,50.7437151,21.5208439,PL
4831,Quiches,City,,-8.416667,-77.45,PE
3130,Londiani,City,,-0.1634664,35.5931397,KE
977,Sumberrojokrajan,City,,-7.643739,110.284601,ID
3261,Uruguaiana,City,,-29.7619121,-57.0858428,BR
1006,Petoa,City,,15.2678504,-88.2892972,HN
2161,Cortes,City,Leiria,39.7012988,-8.784267,PT
1439,Nizhnyaya Tura,City,,58.6247472,59.8241142,RU
3878,Dalang,City,,22.940196,113.943916,CN
2139,Naples,City,Florida,25.9369686,-81.5596427,US
1422,Al Muwayh,City,,22.43,41.75,SA
4139,Shināş,City,,24.7242467,56.4607919,OM
1458,Caxito,City,,-8.5821947,13.6565321,AO
4667,Sugcad,City,,13.302428,123.4403955,PH
514,Supu,City,,26.990979,106.342164,CN
3379,Caparrapí,City,,5.4829423,-74.4604064,CO
2128,Muarabadak,City,,-0.3662126,117.4086488,ID
4427,Miętne,City,,51.9255718,21.5909124,PL
1218,Chinju,City,,35.1799817,128.1076213,KR
4373,Trollhättan,City,Västra Götaland,58.322001,12.3145938,SE
183,Mszana Dolna,City,,49.67403,20.07982,PL
1860,Mhlambanyatsi,City,,-26.4527477,31.0421102,SZ
4280,Pangani,City,,-5.4253802,38.975937,TZ
1533,Batangan,City,,-6.716667,111.216667,ID
2421,Książ Wielkopolski,City,,52.0609041,17.239347,PL
1518,Masuda,City,,39.0000158,140.0433007,JP
4217,Omuo-Ekiti,City,,7.7630152,5.7247169,NG
1389,Lukulu,City,,-14.4076036,23.2587992,ZM
869,Samho-rodongjagu,City,,39.9475,127.87111,KP
3611,Warungawi,City,,-6.9560364,107.4135643,ID
559,Bene 'Ayish,City,,31.790235,34.759291,IL
1283,Piranshahr,City,,36.6950261,45.1445695,IR
2258,Sergiyev Posad,City,,56.3103675,38.1016955,RU
3271,Áno Merá,City,,37.4475393,25.3912281,GR
4001,Xihu,City,,30.2427011,120.1502699,CN
2292,Chiantla,City,,15.3549925,-91.458364,GT
375,Thāru Shāh,City,,26.9215438,68.1195259,PK
778,Sabang,City,,14.347522,120.9245309,PH
196,Karma,City,,53.1307962,30.7935909,BY
3328,Yanzhou,City,,35.553144,116.783833,CN
4274,Nyima,City,,31.784701,87.236772,CN
4357,Bordeaux,City,Aquitaine,45.697904,0.964671,FR
935,Giyon,City,,8.538323,37.973162,ET
2684,Sandao,City,,30.862289,103.915953,CN
2911,Hanting,City,,36.77549,119.219734,CN
3390,Chorotis,City,,-27.9145782,-61.4014775,AR
1601,Kosmonosy,City,,50.4427733,14.9233449,CZ
2082,Roma,City,Coahuila De Zaragoza,19.4095846,-99.1575732,MX
690,Tingping,City,,26.512298,119.065936,CN
2116,Melaka,City,Melaka,3.1121428,101.6935065,MY
4301,Baihe,City,,32.809026,110.112629,CN
131,Penanggungan,City,,-7.6155556,112.6211111,ID
3162,Hidalgo,City,Veracruz Llave,20.0910963,-98.7623874,MX
1210,Banepa,City,,27.6332252,85.5277488,NP
3543,Jingchuan,City,,35.332666,107.36785,CN
4693,Ban Pong,City,,13.8105014,99.8766825,TH
1572,Rappang,City,,-3.8375079,119.8149736,ID
4741,Namballe,City,,-5.0039977,-79.0878065,PE
1535,Tampa,City,Florida,28.0003221,-82.5889012,US
355,Maastricht,City,Provincie Limburg,50.8493216,5.7114171,NL
3772,São Paio de Seide,City,Braga,41.399671,-8.4737713,PT
4672,Gurinai,City,,41.9575515,101.0602341,CN
1707,Okahandja,City,,-21.9718816,16.9063491,NA
4999,Ugljevik,City,,44.6939722,18.9959549,BA
2638,Sebegen,City,,-6.948,113.1874,ID
3209,Mae Chan,City,,20.0932902,99.8013351,TH
1837,Mulifanua,City,,-13.8474624,-172.0448001,WS
845,Huantuo,City,,39.22909,117.324531,CN
3439,Treinta y Tres,City,,-33.229046,-54.3576473,UY
1974,Chivhu,City,,-19.0085724,30.9015642,ZW
1653,Sanhe,City,,39.982718,117.078294,CN
2335,Brant,City,Ontario,43.1564817,-80.1651854,CA
1099,Pericik,City,,-6.308084,106.797267,ID
4126,Obikiik,City,,38.1628578,68.6707836,TJ
1117,Janikowo,City,,52.75378,18.11328,PL
4427,Port Saint John’s,City,,-31.6434099,29.5358464,ZA
4788,Gongrong,City,,23.3790333,113.7632828,CN
644,Kumla,City,Örebro,59.162099,15.2696961,SE
969,Sfax,City,,34.7478469,10.766163,TN
1776,Zhenziliang,City,,39.574695,113.28303,CN
4348,Falënki,City,,58.3556892,51.5974391,RU
1270,Till,City,,32.20068,35.21293,PS
1145,Kaca,City,,-4.1471884,119.9191194,ID
1907,Facatativá,City,,4.809984,-74.354009,CO
119,Si Bun Rueang,City,,16.961392,102.2728739,TH
4233,Trinidad,City,,-14.8258317,-64.9000247,BO
668,Puger,City,,-8.4779418,113.3704466,ID
115,Chiara,City,,-13.87016,-73.667793,PE
1869,Sacanche,City,,-7.081475,-76.702454,PE
2848,Phayakkhaphum Phisai,City,,15.5216056,103.2201828,TH
3547,Bueng Kum,City,,13.8038957,100.647812,TH
1279,Keswick,City,Ontario,44.2298189,-79.4619506,CA
754,Kaizuka,City,,34.4487934,135.349864,JP
259,Obernai,City,Alsace,48.4621258,7.4888434,FR
4717,Lengkongsari,City,,-7.3251615,108.230338,ID
3575,Beihuaidian,City,,39.263105,117.580995,CN
4547,Vatutino,City,,59.3887625,30.2867644,RU
3028,Denpasar,City,,-8.6704582,115.2126293,ID
2246,Burträsk,City,Västerbotten,64.6025198,20.4852704,SE
4501,Yuncao,City,,28.2442799,104.1435113,CN
1814,Zhaobaoshan,City,,29.960349,121.724208,CN
1758,Bukavu,City,,-2.5123017,28.8480284,CD
4813,San Jerónimo,City,,15.0588316,-90.2437592,GT
4345,Lamalewar,City,,-8.5697306,123.3991028,ID
3661,Burgkirchen,City,Oberösterreich,48.1933831,13.1657762,AT
3603,Catumbela,City,,-12.4211276,13.5494757,AO
2409,Okegawa,City,,36.0456643,139.5598269,JP
3673,Hebu,City,,27.098536,114.972769,CN
3260,Tatarsk,City,,55.1936526,75.9684541,RU
3225,Shaliu,City,,41.6528112,123.3427328,CN
525,Guadalupe,City,Chihuahua,25.6765837,-100.2602364,MX
1296,Ruše,City,,46.5399962,15.5073987,SI
4359,Šenov,City,,49.7931487,18.3760739,CZ
302,Timoulilt,City,,32.2066153,-6.4649964,MA
2694,Linxi,City,,43.61812,118.05545,CN
31,Babakansari,City,,-6.837527,107.2104935,ID
4208,Adela,City,,14.5994449,120.9990792,PH
483,Milwaukee,City,Wisconsin,43.0543956,-87.9383822,US
561,Prozor,City,,43.8234396,17.5393153,BA
2627,Bledzew,City,,52.5234718,15.4078292,PL
2141,Īlām,City,,33.6349736,46.415281,IR
2605,Kobyzhcha,City,,50.8234101,31.5054276,UA
4941,Ma‘lūlā,City,,33.8446231,36.5499837,SY
1672,Al Mazra‘ah,City,,32.78398,36.47696,SY
2156,Tebingtinggi,City,,3.3262879,99.1566855,ID
4156,Talalora,City,,11.5352048,124.8289296,PH
26,Valbo,City,Gävleborg,60.6466216,17.0064517,SE
4572,Oslo,City,Oslo,59.9494208,10.9243808,NO
3541,Lyon,City,Rhône-Alpes,45.6326302,4.909835,FR
1984,Qiryat Yam,City,,32.849276,35.068929,IL
3177,Taipingchuan,City,,36.063689,120.388883,CN
1716,Kokembang,City,,-6.9524,113.6487,ID
1280,Ban Nahin,City,,18.1811952,104.5451903,LA
874,Chaoyang,City,,41.57365,120.4493879,CN
4562,Breia,City,Viana do Castelo,42.048319,-8.4995497,PT
547,Koshigaya,City,,35.8896981,139.7894017,JP
575,Conde,City,,-7.2893545,-34.8403408,BR
2487,Tongyuanpu,City,,40.796787,123.9253791,CN
1808,Pekijing,City,,-6.1240368,106.1009082,ID
1311,Jiujie,City,,29.574103,106.537605,CN
3779,Qilin,City,,25.495241,103.805012,CN
1789,Le Mans,City,Pays de la Loire,47.9956173,0.1924459,FR
3237,Bystra,City,,49.6246813,19.1833654,PL
4798,Dimitsána,City,,37.5955677,22.0395213,GR
2256,Évlalo,City,,40.981773,24.802714,GR
2330,Waterbury,City,Connecticut,41.56,-73.05,US
3699,Jugezhuang,City,,40.381657,116.948097,CN
1015,Otradnyy,City,,55.1795454,61.3396043,RU
4433,San Vicente,City,,14.7596318,121.0589081,PH
3821,Vilcún,City,,-38.6677187,-72.2244406,CL
3666,Ramaram,City,,-6.8982,113.1705,ID
1808,Panshi,City,,42.946285,126.060427,CN
4952,Camatindi,City,,-20.9969938,-63.3933089,BO
2969,Almafuerte,City,,-34.6795558,-58.5577501,AR
4247,Coayllo,City,,-12.72924,-76.467087,PE
1254,Promna,City,,51.6984754,20.934244,PL
4832,Buriwutung,City,,-8.1951368,123.7992536,ID
363,Yungay,City,,-9.1384166,-77.7423469,PE
1902,Sieniawa,City,,50.177791,22.6095389,PL
3189,Jiangkou,City,,27.69965,108.839557,CN
3410,Sirib,City,,7.1052043,125.3996693,PH
4894,La Molina,City,,-12.0820196,-76.928234,PE
2262,Kitob,City,,39.1217895,66.8856247,UZ
4950,Bogo,City,,10.7330518,14.6004911,CM
1204,Tartagal,City,,-31.4534131,-64.2089174,AR
1145,Zhaiwu,City,,22.615932,112.634486,CN
4713,General Enrique Godoy,City,,-38.9351182,-68.2320043,AR
4611,Jiaqiao,City,,25.763034,107.701307,CN
2500,Åmål,City,Västra Götaland,59.0541421,12.695366,SE
1198,Khairiahmandah,City,,0.0090686,103.5089907,ID
